deputyid,distrito,partido,pacto,tendencia,nombre,year,region
1000,1,PS,NUEVA MAYORIA,0,LUIS ALBERTO ROCAFULL LOPEZ,2014,15
991,1,PL,PL,0,VLADO MIROSEVIC VERDUGO,2014,15
991,1,PL,PL,0,VLADO MIROSEVIC VERDUGO,2015,15
1000,1,PS,NUEVA MAYORIA,0,LUIS ALBERTO ROCAFULL LOPEZ,2015,15
991,1,PL,PL,0,VLADO MIROSEVIC VERDUGO,2016,15
1000,1,PS,NUEVA MAYORIA,0,LUIS ALBERTO ROCAFULL LOPEZ,2016,15
991,1,PL,PL,0,VLADO MIROSEVIC VERDUGO,2017,15
1000,1,PS,NUEVA MAYORIA,0,LUIS ALBERTO ROCAFULL LOPEZ,2017,15
991,1,PL,PL,0,VLADO MIROSEVIC VERDUGO,2018,15
926,1,UDI,CHILE VAMOS,1,NINO BALTOLU RASERA,2018,15
1000,1,PS,NUEVA MAYORIA,0,LUIS ROCAFULL LOPEZ,2018,15
991,1,PL,PL,0,VLADO MIROSEVIC VERDUGO,2019,15
926,1,UDI,CHILE VAMOS,1,NINO BALTOLU RASERA,2019,15
1000,1,PS,NUEVA MAYORIA,0,LUIS ROCAFULL LOPEZ,2019,15
1000,1,PS,NUEVA MAYORIA,0,LUIS ROCAFULL LOPEZ,2020,15
991,1,PL,PL,0,VLADO MIROSEVIC VERDUGO,2020,15
926,1,UDI,CHILE VAMOS,1,NINO BALTOLU RASERA,2020,15
1000,1,PS,NUEVA MAYORIA,0,LUIS ROCAFULL LOPEZ,2021,15
926,1,UDI,CHILE VAMOS,1,NINO BALTOLU RASERA,2021,15
991,1,PL,PL,0,VLADO MIROSEVIC VERDUGO,2021,15
1141,1,PL,PL,0,Luis Malla Valenzuela,2022,15
991,1,PL,PL,0,Vlado Mirosevic Verdugo,2022,15
1139,1,PRI,CHILE VAMOS,1,Enrique Lee Flores,2022,15
991,1,PL,PL,0,Vlado Mirosevic Verdugo,2023,15
1139,1,PRI,CHILE VAMOS,1,Enrique Lee Flores,2023,15
1141,1,PL,PL,0,Luis Malla Valenzuela,2023,15
1141,1,PL,PL,0,Luis Malla Valenzuela,2024,15
991,1,PL,PL,0,Vlado Mirosevic Verdugo,2024,15
1139,1,PRI,CHILE VAMOS,1,Enrique Lee Flores,2024,15
937,2,PC,NUEVA MAYORIA,0,HUGO HUMBERTO GUTIERREZ GALVEZ,2014,1
1003,2,UDI,CHILE VAMOS,1,RENZO ALDO TRISOTTI MARTINEZ,2014,1
1003,2,UDI,CHILE VAMOS,1,RENZO ALDO TRISOTTI MARTINEZ,2015,1
937,2,PC,NUEVA MAYORIA,0,HUGO HUMBERTO GUTIERREZ GALVEZ,2015,1
937,2,PC,NUEVA MAYORIA,0,HUGO HUMBERTO GUTIERREZ GALVEZ,2016,1
1003,2,UDI,CHILE VAMOS,1,RENZO ALDO TRISOTTI MARTINEZ,2016,1
1003,2,UDI,CHILE VAMOS,1,RENZO ALDO TRISOTTI MARTINEZ,2017,1
937,2,PC,NUEVA MAYORIA,0,HUGO HUMBERTO GUTIERREZ GALVEZ,2017,1
1032,2,RN,CHILE VAMOS,1,RAMON GALLEGUILLOS CASTILLO,2018,1
937,2,PC,NUEVA MAYORIA,0,HUGO GUTIERREZ GALVEZ,2018,1
1003,2,UDI,CHILE VAMOS,1,RENZO TRISOTTI MARTINEZ,2018,1
1032,2,RN,CHILE VAMOS,1,RAMON GALLEGUILLOS CASTILLO,2019,1
1003,2,UDI,CHILE VAMOS,1,RENZO TRISOTTI MARTINEZ,2019,1
937,2,PC,NUEVA MAYORIA,0,HUGO GUTIERREZ GALVEZ,2019,1
937,2,PC,NUEVA MAYORIA,0,HUGO GUTIERREZ GALVEZ,2020,1
1032,2,RN,CHILE VAMOS,1,RAMON GALLEGUILLOS CASTILLO,2020,1
1003,2,UDI,CHILE VAMOS,1,RENZO TRISOTTI MARTINEZ,2020,1
1003,2,UDI,CHILE VAMOS,1,RENZO TRISOTTI MARTINEZ,2021,1
937,2,PC,NUEVA MAYORIA,0,HUGO GUTIERREZ GALVEZ,2021,1
1032,2,RN,CHILE VAMOS,1,RAMON GALLEGUILLOS CASTILLO,2021,1
1162,2,PC,FRENTE AMPLIO,0,Matías Ramírez Pascal,2022,1
1003,2,IND,FRENTE SOCIAL CRISTIANO,1,Renzo Trisotti Martínez,2022,1
1103,2,PS,NUEVA MAYORIA,0,Danisa Astudillo Peiretti,2022,1
1162,2,PC,FRENTE AMPLIO,0,Matías Ramírez Pascal,2023,1
1103,2,PS,NUEVA MAYORIA,0,Danisa Astudillo Peiretti,2023,1
1003,2,IND,FRENTE SOCIAL CRISTIANO,1,Renzo Trisotti Martínez,2023,1
1003,2,IND,FRENTE SOCIAL CRISTIANO,1,Renzo Trisotti Martínez,2024,1
1162,2,PC,FRENTE AMPLIO,0,Matías Ramírez Pascal,2024,1
1103,2,PS,NUEVA MAYORIA,0,Danisa Astudillo Peiretti,2024,1
919,3,UDI,CHILE VAMOS,1,FELIPE ANDRES WARD EDWARDS,2014,2
836,3,PRSD,NUEVA MAYORIA,0,MARCOS ANDRES ESPINOSA MONARDES,2014,2
836,3,PRSD,NUEVA MAYORIA,0,MARCOS ANDRES ESPINOSA MONARDES,2015,2
919,3,UDI,CHILE VAMOS,1,FELIPE ANDRES WARD EDWARDS,2015,2
836,3,PRSD,NUEVA MAYORIA,0,MARCOS ANDRES ESPINOSA MONARDES,2016,2
919,3,UDI,CHILE VAMOS,1,FELIPE ANDRES WARD EDWARDS,2016,2
836,3,PRSD,NUEVA MAYORIA,0,MARCOS ANDRES ESPINOSA MONARDES,2017,2
919,3,UDI,CHILE VAMOS,1,FELIPE ANDRES WARD EDWARDS,2017,2
986,3,PRSD,NUEVA MAYORIA,0,MARCELA XIMENA HERNANDO PEREZ,2018,2
994,3,RN,CHILE VAMOS,1,PAULINA NUÑEZ URRUTIA,2018,2
1063,3,RD,FRENTE AMPLIO,0,CATALINA PEREZ SALINAS,2018,2
1019,3,RN,CHILE VAMOS,1,JOSE MIGUEL CASTRO BASCUÑAN,2018,2
1083,3,FRVS,FRVS,0,ESTEBAN JORGE VELASQUEZ NUÑEZ,2018,2
1019,3,RN,CHILE VAMOS,1,JOSE MIGUEL CASTRO BASCUÑAN,2019,2
1063,3,RD,FRENTE AMPLIO,0,CATALINA PEREZ SALINAS,2019,2
986,3,PRSD,NUEVA MAYORIA,0,MARCELA XIMENA HERNANDO PEREZ,2019,2
1083,3,FRVS,FRVS,0,ESTEBAN JORGE VELASQUEZ NUÑEZ,2019,2
994,3,RN,CHILE VAMOS,1,PAULINA NUÑEZ URRUTIA,2019,2
994,3,RN,CHILE VAMOS,1,PAULINA NUÑEZ URRUTIA,2020,2
1063,3,RD,FRENTE AMPLIO,0,CATALINA PEREZ SALINAS,2020,2
1083,3,FRVS,FRVS,0,ESTEBAN JORGE VELASQUEZ NUÑEZ,2020,2
1019,3,RN,CHILE VAMOS,1,JOSE MIGUEL CASTRO BASCUÑAN,2020,2
986,3,PRSD,NUEVA MAYORIA,0,MARCELA XIMENA HERNANDO PEREZ,2020,2
986,3,PRSD,NUEVA MAYORIA,0,MARCELA XIMENA HERNANDO PEREZ,2021,2
1019,3,RN,CHILE VAMOS,1,JOSE MIGUEL CASTRO BASCUÑAN,2021,2
1063,3,RD,FRENTE AMPLIO,0,CATALINA PEREZ SALINAS,2021,2
1083,3,FRVS,FRVS,0,ESTEBAN JORGE VELASQUEZ NUÑEZ,2021,2
994,3,RN,CHILE VAMOS,1,PAULINA NUÑEZ URRUTIA,2021,2
1182,3,IND,SIN PACTO,0,Sebastián Videla Castillo,2022,2
1099,3,IND,NUEVA MAYORIA,0,Jaime Araya Guerrero,2022,2
1019,3,RN,CHILE VAMOS,1,José Miguel Castro Bascuñán,2022,2
1063,3,RD,FRENTE AMPLIO,0,Catalina Pérez Salinas,2022,2
1098,3,IND,SIN PACTO,1,Yovana Ahumada Palma,2022,2
1098,3,IND,SIN PACTO,1,Yovana Ahumada Palma,2023,2
1019,3,RN,CHILE VAMOS,1,José Miguel Castro Bascuñán,2023,2
1063,3,RD,FRENTE AMPLIO,0,Catalina Pérez Salinas,2023,2
1099,3,IND,NUEVA MAYORIA,0,Jaime Araya Guerrero,2023,2
1182,3,IND,SIN PACTO,0,Sebastián Videla Castillo,2023,2
1098,3,IND,SIN PACTO,1,Yovana Ahumada Palma,2024,2
1063,3,RD,FRENTE AMPLIO,0,Catalina Pérez Salinas,2024,2
1182,3,IND,SIN PACTO,0,Sebastián Videla Castillo,2024,2
1019,3,RN,CHILE VAMOS,1,José Miguel Castro Bascuñán,2024,2
1099,3,IND,NUEVA MAYORIA,0,Jaime Araya Guerrero,2024,2
986,4,PRSD,NUEVA MAYORIA,0,MARCELA XIMENA HERNANDO PEREZ,2014,2
994,4,RN,CHILE VAMOS,1,PAULINA ANDREA NUÑEZ URRUTIA,2014,2
986,4,PRSD,NUEVA MAYORIA,0,MARCELA XIMENA HERNANDO PEREZ,2015,2
994,4,RN,CHILE VAMOS,1,PAULINA ANDREA NUÑEZ URRUTIA,2015,2
994,4,RN,CHILE VAMOS,1,PAULINA ANDREA NUÑEZ URRUTIA,2016,2
986,4,PRSD,NUEVA MAYORIA,0,MARCELA XIMENA HERNANDO PEREZ,2016,2
994,4,RN,CHILE VAMOS,1,PAULINA ANDREA NUÑEZ URRUTIA,2017,2
986,4,PRSD,NUEVA MAYORIA,0,MARCELA XIMENA HERNANDO PEREZ,2017,2
975,4,PS,NUEVA MAYORIA,0,DANIELLA CICARDINI MILLA,2018,3
1022,4,RN,CHILE VAMOS,1,SOFIA CID VERSALOVIC,2018,3
1073,4,PS,NUEVA MAYORIA,0,JUAN RUBEN SANTANA CASTILLO,2018,3
872,4,FRVS,FRVS,0,JAIME MULET MARTINEZ,2018,3
1055,4,UDI,CHILE VAMOS,1,NICOLAS NOMAN GARRIDO,2018,3
1055,4,UDI,CHILE VAMOS,1,NICOLAS NOMAN GARRIDO,2019,3
1073,4,PS,NUEVA MAYORIA,0,JUAN RUBEN SANTANA CASTILLO,2019,3
1022,4,RN,CHILE VAMOS,1,SOFIA CID VERSALOVIC,2019,3
975,4,PS,NUEVA MAYORIA,0,DANIELLA CICARDINI MILLA,2019,3
872,4,FRVS,FRVS,0,JAIME MULET MARTINEZ,2019,3
975,4,PS,NUEVA MAYORIA,0,DANIELLA CICARDINI MILLA,2020,3
1073,4,PS,NUEVA MAYORIA,0,JUAN RUBEN SANTANA CASTILLO,2020,3
1055,4,UDI,CHILE VAMOS,1,NICOLAS NOMAN GARRIDO,2020,3
1022,4,RN,CHILE VAMOS,1,SOFIA CID VERSALOVIC,2020,3
872,4,FRVS,FRVS,0,JAIME MULET MARTINEZ,2020,3
872,4,FRVS,FRVS,0,JAIME MULET MARTINEZ,2021,3
1022,4,RN,CHILE VAMOS,1,SOFIA CID VERSALOVIC,2021,3
1073,4,PS,NUEVA MAYORIA,0,JUAN RUBEN SANTANA CASTILLO,2021,3
1055,4,UDI,CHILE VAMOS,1,NICOLAS NOMAN GARRIDO,2021,3
975,4,PS,NUEVA MAYORIA,0,DANIELLA CICARDINI MILLA,2021,3
975,4,PS,NUEVA MAYORIA,0,Daniella Cicardini Milla,2022,3
1175,4,IND,NUEVA MAYORIA,0,Cristián Tapia Ramos,2022,3
1022,4,RN,CHILE VAMOS,1,Sofía Cid Versalovic,2022,3
1073,4,PS,NUEVA MAYORIA,0,Juan Santana Castillo,2022,3
872,4,FRVS,FRENTE AMPLIO,0,Jaime Mulet Martínez,2022,3
1022,4,RN,CHILE VAMOS,1,Sofía Cid Versalovic,2023,3
872,4,FRVS,FRENTE AMPLIO,0,Jaime Mulet Martínez,2023,3
1175,4,IND,NUEVA MAYORIA,0,Cristián Tapia Ramos,2023,3
1073,4,PS,NUEVA MAYORIA,0,Juan Santana Castillo,2023,3
975,4,PS,NUEVA MAYORIA,0,Daniella Cicardini Milla,2023,3
1022,4,RN,CHILE VAMOS,1,Sofía Cid Versalovic,2024,3
872,4,FRVS,FRENTE AMPLIO,0,Jaime Mulet Martínez,2024,3
1073,4,PS,NUEVA MAYORIA,0,Juan Santana Castillo,2024,3
975,4,PS,NUEVA MAYORIA,0,Daniella Cicardini Milla,2024,3
1175,4,IND,NUEVA MAYORIA,0,Cristián Tapia Ramos,2024,3
930,5,PC,NUEVA MAYORIA,0,LAUTARO CESAR CARMONA SOTO,2014,3
975,5,INDEPENDIENTES LISTA C,NUEVA MAYORIA,0,DANIELLA VALENTINA CICARDINI MILLA,2014,3
930,5,PC,NUEVA MAYORIA,0,LAUTARO CESAR CARMONA SOTO,2015,3
975,5,INDEPENDIENTES LISTA C,NUEVA MAYORIA,0,DANIELLA VALENTINA CICARDINI MILLA,2015,3
930,5,PC,NUEVA MAYORIA,0,LAUTARO CESAR CARMONA SOTO,2016,3
975,5,INDEPENDIENTES LISTA C,NUEVA MAYORIA,0,DANIELLA VALENTINA CICARDINI MILLA,2016,3
975,5,INDEPENDIENTES LISTA C,NUEVA MAYORIA,0,DANIELLA VALENTINA CICARDINI MILLA,2017,3
930,5,PC,NUEVA MAYORIA,0,LAUTARO CESAR CARMONA SOTO,2017,3
985,5,UDI,CHILE VAMOS,1,SERGIO GAHONA SALAZAR,2018,4
1001,5,PS,NUEVA MAYORIA,0,RAUL SALDIVAR AUGER,2018,4
1031,5,UDI,CHILE VAMOS,1,JUAN MANUEL FUENZALIDA COBO,2018,4
963,5,PDC,PDC,0,MATIAS WALKER PRIETO,2018,4
961,5,FRVS,FRVS,0,PEDRO ANTONIO VELASQUEZ SEGUEL,2018,4
993,5,PC,NUEVA MAYORIA,0,DANIEL NUÑEZ ARANCIBIA,2018,4
1029,5,RN,CHILE VAMOS,1,FRANCISCO EGUIGUREN CORREA,2018,4
1029,5,RN,CHILE VAMOS,1,FRANCISCO EGUIGUREN CORREA,2019,4
993,5,PC,NUEVA MAYORIA,0,DANIEL NUÑEZ ARANCIBIA,2019,4
963,5,PDC,PDC,0,MATIAS WALKER PRIETO,2019,4
1001,5,PS,NUEVA MAYORIA,0,RAUL SALDIVAR AUGER,2019,4
985,5,UDI,CHILE VAMOS,1,SERGIO GAHONA SALAZAR,2019,4
961,5,FRVS,FRVS,0,PEDRO ANTONIO VELASQUEZ SEGUEL,2019,4
1031,5,UDI,CHILE VAMOS,1,JUAN MANUEL FUENZALIDA COBO,2019,4
993,5,PC,NUEVA MAYORIA,0,DANIEL NUÑEZ ARANCIBIA,2020,4
963,5,PDC,PDC,0,MATIAS WALKER PRIETO,2020,4
985,5,UDI,CHILE VAMOS,1,SERGIO GAHONA SALAZAR,2020,4
1031,5,UDI,CHILE VAMOS,1,JUAN MANUEL FUENZALIDA COBO,2020,4
961,5,FRVS,FRVS,0,PEDRO ANTONIO VELASQUEZ SEGUEL,2020,4
1029,5,RN,CHILE VAMOS,1,FRANCISCO EGUIGUREN CORREA,2020,4
1001,5,PS,NUEVA MAYORIA,0,RAUL SALDIVAR AUGER,2020,4
993,5,PC,NUEVA MAYORIA,0,DANIEL NUÑEZ ARANCIBIA,2021,4
1029,5,RN,CHILE VAMOS,1,FRANCISCO EGUIGUREN CORREA,2021,4
985,5,UDI,CHILE VAMOS,1,SERGIO GAHONA SALAZAR,2021,4
961,5,FRVS,FRVS,0,PEDRO ANTONIO VELASQUEZ SEGUEL,2021,4
1001,5,PS,NUEVA MAYORIA,0,RAUL SALDIVAR AUGER,2021,4
963,5,PDC,PDC,0,MATIAS WALKER PRIETO,2021,4
1031,5,UDI,CHILE VAMOS,1,JUAN MANUEL FUENZALIDA COBO,2021,4
1174,5,UDI,CHILE VAMOS,1,Marco Antonio Sulantay Olivares,2022,4
1177,5,IND,FRENTE AMPLIO,0,Carolina Tello Rojas,2022,4
1142,5,PS,NUEVA MAYORIA,0,Daniel Manouchehri Lobos,2022,4
1117,5,PC,FRENTE AMPLIO,0,Nathalie Castillo Rojas,2022,4
1158,5,DEMOCRATAS,CHILE VAMOS,1,Víctor Alejandro Pino Fuentes,2022,4
1118,5,PDC,PDC,0,Ricardo Cifuentes Lillo,2022,4
1031,5,UDI,CHILE VAMOS,1,Juan Fuenzalida Cobo,2022,4
1117,5,PC,FRENTE AMPLIO,0,Nathalie Castillo Rojas,2023,4
1118,5,PDC,PDC,0,Ricardo Cifuentes Lillo,2023,4
1177,5,IND,FRENTE AMPLIO,0,Carolina Tello Rojas,2023,4
1142,5,PS,NUEVA MAYORIA,0,Daniel Manouchehri Lobos,2023,4
1158,5,DEMOCRATAS,CHILE VAMOS,1,Víctor Alejandro Pino Fuentes,2023,4
1031,5,UDI,CHILE VAMOS,1,Juan Fuenzalida Cobo,2023,4
1174,5,UDI,CHILE VAMOS,1,Marco Antonio Sulantay Olivares,2023,4
1117,5,PC,FRENTE AMPLIO,0,Nathalie Castillo Rojas,2024,4
1142,5,PS,NUEVA MAYORIA,0,Daniel Manouchehri Lobos,2024,4
1174,5,UDI,CHILE VAMOS,1,Marco Antonio Sulantay Olivares,2024,4
1031,5,UDI,CHILE VAMOS,1,Juan Fuenzalida Cobo,2024,4
1177,5,IND,FRENTE AMPLIO,0,Carolina Tello Rojas,2024,4
1118,5,PDC,PDC,0,Ricardo Cifuentes Lillo,2024,4
1158,5,DEMOCRATAS,CHILE VAMOS,1,Víctor Alejandro Pino Fuentes,2024,4
998,6,PDC,NUEVA MAYORIA,0,YASNA PROVOSTE CAMPILLAY,2014,3
888,6,PRSD,NUEVA MAYORIA,0,ALBERTO IVAN FRANCISCO ROBLES PANTOJA,2014,3
888,6,PRSD,NUEVA MAYORIA,0,ALBERTO IVAN FRANCISCO ROBLES PANTOJA,2015,3
998,6,PDC,NUEVA MAYORIA,0,YASNA PROVOSTE CAMPILLAY,2015,3
888,6,PRSD,NUEVA MAYORIA,0,ALBERTO IVAN FRANCISCO ROBLES PANTOJA,2016,3
998,6,PDC,NUEVA MAYORIA,0,YASNA PROVOSTE CAMPILLAY,2016,3
998,6,PDC,NUEVA MAYORIA,0,YASNA PROVOSTE CAMPILLAY,2017,3
888,6,PRSD,NUEVA MAYORIA,0,ALBERTO IVAN FRANCISCO ROBLES PANTOJA,2017,3
1041,6,EVOPOLI,CHILE VAMOS,1,PABLO KAST SOMMERHOFF,2018,5
1048,6,PPD,NUEVA MAYORIA,0,CAROLINA MARZAN PINTO,2018,5
1084,6,PDC,PDC,0,DANIEL ANGEL VERDESSI BELEMMI,2018,5
1030,6,RN,CHILE VAMOS,1,CAMILA FLORES OPORTO,2018,5
1046,6,RN,CHILE VAMOS,1,ANDRES LONGTON HERRERA,2018,5
920,6,PS,NUEVA MAYORIA,0,MARCELO SCHILLING RODRIGUEZ,2018,5
1060,6,RN,CHILE VAMOS,1,LUIS PARDO SAINZ,2018,5
1037,6,PH,PH,0,DIEGO IBAÑEZ COTRONEO,2018,5
920,6,PS,NUEVA MAYORIA,0,MARCELO SCHILLING RODRIGUEZ,2019,5
1084,6,PDC,PDC,0,DANIEL ANGEL VERDESSI BELEMMI,2019,5
1060,6,RN,CHILE VAMOS,1,LUIS PARDO SAINZ,2019,5
1048,6,PPD,NUEVA MAYORIA,0,CAROLINA MARZAN PINTO,2019,5
1037,6,PH,PH,0,DIEGO IBAÑEZ COTRONEO,2019,5
1046,6,RN,CHILE VAMOS,1,ANDRES LONGTON HERRERA,2019,5
1041,6,EVOPOLI,CHILE VAMOS,1,PABLO KAST SOMMERHOFF,2019,5
1030,6,RN,CHILE VAMOS,1,CAMILA FLORES OPORTO,2019,5
920,6,PS,NUEVA MAYORIA,0,MARCELO SCHILLING RODRIGUEZ,2020,5
1030,6,RN,CHILE VAMOS,1,CAMILA FLORES OPORTO,2020,5
1037,6,PH,PH,0,DIEGO IBAÑEZ COTRONEO,2020,5
1046,6,RN,CHILE VAMOS,1,ANDRES LONGTON HERRERA,2020,5
1041,6,EVOPOLI,CHILE VAMOS,1,PABLO KAST SOMMERHOFF,2020,5
1060,6,RN,CHILE VAMOS,1,LUIS PARDO SAINZ,2020,5
1048,6,PPD,NUEVA MAYORIA,0,CAROLINA MARZAN PINTO,2020,5
1084,6,PDC,PDC,0,DANIEL ANGEL VERDESSI BELEMMI,2020,5
1048,6,PPD,NUEVA MAYORIA,0,CAROLINA MARZAN PINTO,2021,5
1046,6,RN,CHILE VAMOS,1,ANDRES LONGTON HERRERA,2021,5
1041,6,EVOPOLI,CHILE VAMOS,1,PABLO KAST SOMMERHOFF,2021,5
1084,6,PDC,PDC,0,DANIEL ANGEL VERDESSI BELEMMI,2021,5
1060,6,RN,CHILE VAMOS,1,LUIS PARDO SAINZ,2021,5
920,6,PS,NUEVA MAYORIA,0,MARCELO SCHILLING RODRIGUEZ,2021,5
1030,6,RN,CHILE VAMOS,1,CAMILA FLORES OPORTO,2021,5
1037,6,PH,PH,0,DIEGO IBAÑEZ COTRONEO,2021,5
1030,6,RN,CHILE VAMOS,1,Camila Flores Oporto,2022,5
1048,6,PPD,NUEVA MAYORIA,0,Carolina Marzán Pinto,2022,5
1046,6,RN,CHILE VAMOS,1,Andrés Longton Herrera,2022,5
1037,6,CS,FRENTE AMPLIO,0,Diego Ibáñez Cotroneo,2022,5
1104,6,REPUBLICANO,FRENTE SOCIAL CRISTIANO,1,Chiara Barchiesi Chávez,2022,5
1181,6,PS,NUEVA MAYORIA,0,Nelson Venegas Salazar,2022,5
1107,6,CS,FRENTE AMPLIO,0,María Francisca Bello Campos,2022,5
948,6,PDG,PDG,777,Gaspar Rivas Sánchez,2022,5
1046,6,RN,CHILE VAMOS,1,Andrés Longton Herrera,2023,5
1181,6,PS,NUEVA MAYORIA,0,Nelson Venegas Salazar,2023,5
1104,6,REPUBLICANO,FRENTE SOCIAL CRISTIANO,1,Chiara Barchiesi Chávez,2023,5
1048,6,PPD,NUEVA MAYORIA,0,Carolina Marzán Pinto,2023,5
1037,6,CS,FRENTE AMPLIO,0,Diego Ibáñez Cotroneo,2023,5
1107,6,CS,FRENTE AMPLIO,0,María Francisca Bello Campos,2023,5
1030,6,RN,CHILE VAMOS,1,Camila Flores Oporto,2023,5
948,6,PDG,PDG,777,Gaspar Rivas Sánchez,2023,5
1107,6,CS,FRENTE AMPLIO,0,María Francisca Bello Campos,2024,5
1030,6,RN,CHILE VAMOS,1,Camila Flores Oporto,2024,5
1181,6,PS,NUEVA MAYORIA,0,Nelson Venegas Salazar,2024,5
1037,6,CS,FRENTE AMPLIO,0,Diego Ibáñez Cotroneo,2024,5
1048,6,PPD,NUEVA MAYORIA,0,Carolina Marzán Pinto,2024,5
948,6,PDG,PDG,777,Gaspar Rivas Sánchez,2024,5
1104,6,REPUBLICANO,FRENTE SOCIAL CRISTIANO,1,Chiara Barchiesi Chávez,2024,5
1046,6,RN,CHILE VAMOS,1,Andrés Longton Herrera,2024,5
985,7,UDI,CHILE VAMOS,1,SERGIO ALFREDO GAHONA SALAZAR,2014,4
1001,7,PS,NUEVA MAYORIA,0,RAUL FERNANDO SALDIVAR AUGER,2014,4
1001,7,PS,NUEVA MAYORIA,0,RAUL FERNANDO SALDIVAR AUGER,2015,4
985,7,UDI,CHILE VAMOS,1,SERGIO ALFREDO GAHONA SALAZAR,2015,4
985,7,UDI,CHILE VAMOS,1,SERGIO ALFREDO GAHONA SALAZAR,2016,4
1001,7,PS,NUEVA MAYORIA,0,RAUL FERNANDO SALDIVAR AUGER,2016,4
1001,7,PS,NUEVA MAYORIA,0,RAUL FERNANDO SALDIVAR AUGER,2017,4
985,7,UDI,CHILE VAMOS,1,SERGIO ALFREDO GAHONA SALAZAR,2017,4
940,7,UDI,CHILE VAMOS,1,MARIA JOSE HOFFMANN OPAZO,2018,5
1015,7,RD,FRENTE AMPLIO,0,JORGE BRITO HASBUN,2018,5
1068,7,IGUALDAD,IGUALDAD,0,CAMILA ROJAS VALDERRAMA,2018,5
1021,7,RN,CHILE VAMOS,1,ANDRES CELIS MONTT,2018,5
827,7,PS,NUEVA MAYORIA,0,MARCELO DIAZ DIAZ,2018,5
848,7,PPD,NUEVA MAYORIA,0,RODRIGO GONZALEZ TORRES,2018,5
1005,7,UDI,CHILE VAMOS,1,OSVALDO URRUTIA SOTO,2018,5
957,7,PDC,PDC,0,VICTOR MARCELO TORRES JELDES,2018,5
1015,7,RD,FRENTE AMPLIO,0,JORGE BRITO HASBUN,2019,5
848,7,PPD,NUEVA MAYORIA,0,RODRIGO GONZALEZ TORRES,2019,5
827,7,PS,NUEVA MAYORIA,0,MARCELO DIAZ DIAZ,2019,5
957,7,PDC,PDC,0,VICTOR MARCELO TORRES JELDES,2019,5
1068,7,IGUALDAD,IGUALDAD,0,CAMILA ROJAS VALDERRAMA,2019,5
1021,7,RN,CHILE VAMOS,1,ANDRES CELIS MONTT,2019,5
1005,7,UDI,CHILE VAMOS,1,OSVALDO URRUTIA SOTO,2019,5
940,7,UDI,CHILE VAMOS,1,MARIA JOSE HOFFMANN OPAZO,2019,5
957,7,PDC,PDC,0,VICTOR MARCELO TORRES JELDES,2020,5
827,7,PS,NUEVA MAYORIA,0,MARCELO DIAZ DIAZ,2020,5
1068,7,IGUALDAD,IGUALDAD,0,CAMILA ROJAS VALDERRAMA,2020,5
1021,7,RN,CHILE VAMOS,1,ANDRES CELIS MONTT,2020,5
940,7,UDI,CHILE VAMOS,1,MARIA JOSE HOFFMANN OPAZO,2020,5
848,7,PPD,NUEVA MAYORIA,0,RODRIGO GONZALEZ TORRES,2020,5
1005,7,UDI,CHILE VAMOS,1,OSVALDO URRUTIA SOTO,2020,5
1015,7,RD,FRENTE AMPLIO,0,JORGE BRITO HASBUN,2020,5
957,7,PDC,PDC,0,VICTOR MARCELO TORRES JELDES,2021,5
848,7,PPD,NUEVA MAYORIA,0,RODRIGO GONZALEZ TORRES,2021,5
1068,7,IGUALDAD,IGUALDAD,0,CAMILA ROJAS VALDERRAMA,2021,5
1005,7,UDI,CHILE VAMOS,1,OSVALDO URRUTIA SOTO,2021,5
1021,7,RN,CHILE VAMOS,1,ANDRES CELIS MONTT,2021,5
940,7,UDI,CHILE VAMOS,1,MARIA JOSE HOFFMANN OPAZO,2021,5
827,7,PS,NUEVA MAYORIA,0,MARCELO DIAZ DIAZ,2021,5
1015,7,RD,FRENTE AMPLIO,0,JORGE BRITO HASBUN,2021,5
1170,7,REPUBLICANO,FRENTE SOCIAL CRISTIANO,1,Luis Sánchez Ossa,2022,5
1015,7,RD,FRENTE AMPLIO,0,Jorge Brito Hasbún,2022,5
1124,7,IND,NUEVA MAYORIA,0,Tomás De Rementería Venegas,2022,5
1021,7,RN,CHILE VAMOS,1,Andrés Celis Montt,2022,5
1122,7,PC,FRENTE AMPLIO,0,Luis Alberto Cuello Peña y Lillo,2022,5
1068,7,COMUNES,FRENTE AMPLIO,0,Camila Rojas Valderrama,2022,5
1137,7,IND,SIN PACTO,0,Tomás Lagomarsino Guzmán,2022,5
1176,7,IND,CHILE VAMOS,1,Hotuiti Teao Drago,2022,5
1170,7,REPUBLICANO,FRENTE SOCIAL CRISTIANO,1,Luis Sánchez Ossa,2023,5
1176,7,IND,CHILE VAMOS,1,Hotuiti Teao Drago,2023,5
1122,7,PC,FRENTE AMPLIO,0,Luis Alberto Cuello Peña y Lillo,2023,5
1137,7,IND,SIN PACTO,0,Tomás Lagomarsino Guzmán,2023,5
1021,7,RN,CHILE VAMOS,1,Andrés Celis Montt,2023,5
1068,7,COMUNES,FRENTE AMPLIO,0,Camila Rojas Valderrama,2023,5
1124,7,IND,NUEVA MAYORIA,0,Tomás De Rementería Venegas,2023,5
1015,7,RD,FRENTE AMPLIO,0,Jorge Brito Hasbún,2023,5
1137,7,IND,SIN PACTO,0,Tomás Lagomarsino Guzmán,2024,5
1170,7,REPUBLICANO,FRENTE SOCIAL CRISTIANO,1,Luis Sánchez Ossa,2024,5
1068,7,COMUNES,FRENTE AMPLIO,0,Camila Rojas Valderrama,2024,5
1122,7,PC,FRENTE AMPLIO,0,Luis Alberto Cuello Peña y Lillo,2024,5
1021,7,RN,CHILE VAMOS,1,Andrés Celis Montt,2024,5
1124,7,IND,NUEVA MAYORIA,0,Tomás De Rementería Venegas,2024,5
1015,7,RD,FRENTE AMPLIO,0,Jorge Brito Hasbún,2024,5
1176,7,IND,CHILE VAMOS,1,Hotuiti Teao Drago,2024,5
993,8,PC,NUEVA MAYORIA,0,DANIEL IGNACIO NUÑEZ ARANCIBIA,2014,4
963,8,PDC,NUEVA MAYORIA,0,MATIAS VICENTE WALKER PRIETO,2014,4
963,8,PDC,NUEVA MAYORIA,0,MATIAS VICENTE WALKER PRIETO,2015,4
993,8,PC,NUEVA MAYORIA,0,DANIEL IGNACIO NUÑEZ ARANCIBIA,2015,4
993,8,PC,NUEVA MAYORIA,0,DANIEL IGNACIO NUÑEZ ARANCIBIA,2016,4
963,8,PDC,NUEVA MAYORIA,0,MATIAS VICENTE WALKER PRIETO,2016,4
963,8,PDC,NUEVA MAYORIA,0,MATIAS VICENTE WALKER PRIETO,2017,4
993,8,PC,NUEVA MAYORIA,0,DANIEL IGNACIO NUÑEZ ARANCIBIA,2017,4
1085,8,RD,FRENTE AMPLIO,0,PABLO VIDAL ROJAS,2018,13
925,8,PRSD,NUEVA MAYORIA,0,PEPE AUTH STEWART,2018,13
989,8,UDI,CHILE VAMOS,1,JOAQUIN LAVIN LEON,2018,13
1051,8,PODER,PODER,0,CLAUDIA NATHALIE MIX JIMENEZ,2018,13
898,8,PDC,PDC,0,GABRIEL SILBER ROMO,2018,13
1026,8,RN,CHILE VAMOS,1,MARIO DESBORDES JIMENEZ,2018,13
1035,8,PC,NUEVA MAYORIA,0,CARMEN HERTZ CADIZ,2018,13
865,8,UDI,CHILE VAMOS,1,PATRICIO MELERO ABAROA,2018,13
1051,8,PODER,PODER,0,CLAUDIA NATHALIE MIX JIMENEZ,2019,13
898,8,PDC,PDC,0,GABRIEL SILBER ROMO,2019,13
1026,8,RN,CHILE VAMOS,1,MARIO DESBORDES JIMENEZ,2019,13
1085,8,RD,FRENTE AMPLIO,0,PABLO VIDAL ROJAS,2019,13
989,8,UDI,CHILE VAMOS,1,JOAQUIN LAVIN LEON,2019,13
865,8,UDI,CHILE VAMOS,1,PATRICIO MELERO ABAROA,2019,13
925,8,PRSD,NUEVA MAYORIA,0,PEPE AUTH STEWART,2019,13
1035,8,PC,NUEVA MAYORIA,0,CARMEN HERTZ CADIZ,2019,13
865,8,UDI,CHILE VAMOS,1,PATRICIO MELERO ABAROA,2020,13
1085,8,RD,FRENTE AMPLIO,0,PABLO VIDAL ROJAS,2020,13
1035,8,PC,NUEVA MAYORIA,0,CARMEN HERTZ CADIZ,2020,13
1051,8,PODER,PODER,0,CLAUDIA NATHALIE MIX JIMENEZ,2020,13
898,8,PDC,PDC,0,GABRIEL SILBER ROMO,2020,13
989,8,UDI,CHILE VAMOS,1,JOAQUIN LAVIN LEON,2020,13
1026,8,RN,CHILE VAMOS,1,MARIO DESBORDES JIMENEZ,2020,13
925,8,PRSD,NUEVA MAYORIA,0,PEPE AUTH STEWART,2020,13
1035,8,PC,NUEVA MAYORIA,0,CARMEN HERTZ CADIZ,2021,13
1026,8,RN,CHILE VAMOS,1,MARIO DESBORDES JIMENEZ,2021,13
925,8,PRSD,NUEVA MAYORIA,0,PEPE AUTH STEWART,2021,13
898,8,PDC,PDC,0,GABRIEL SILBER ROMO,2021,13
989,8,UDI,CHILE VAMOS,1,JOAQUIN LAVIN LEON,2021,13
865,8,UDI,CHILE VAMOS,1,PATRICIO MELERO ABAROA,2021,13
1085,8,RD,FRENTE AMPLIO,0,PABLO VIDAL ROJAS,2021,13
1051,8,PODER,PODER,0,CLAUDIA NATHALIE MIX JIMENEZ,2021,13
1035,8,PC,FRENTE AMPLIO,0,Carmen Hertz Cádiz,2022,13
1155,8,IND,SIN PACTO,777,Rubén Darío Oyarzo Figueroa,2022,13
1125,8,IND,SIN PACTO,0,Viviana Delgado Riquelme,2022,13
989,8,UDI,CHILE VAMOS,1,Joaquín Lavín León,2022,13
1094,8,UDI,CHILE VAMOS,1,Cristian Labbé Martínez,2022,13
1165,8,REPUBLICANO,FRENTE SOCIAL CRISTIANO,1,Agustín Romero Leiva,2022,13
1179,8,PDC,PDC,0,Alberto Undurraga Vicuña,2022,13
1051,8,COMUNES,FRENTE AMPLIO,0,Claudia Mix Jiménez,2022,13
1155,8,IND,SIN PACTO,777,Rubén Darío Oyarzo Figueroa,2023,13
1094,8,UDI,CHILE VAMOS,1,Cristian Labbé Martínez,2023,13
989,8,UDI,CHILE VAMOS,1,Joaquín Lavín León,2023,13
1125,8,IND,SIN PACTO,0,Viviana Delgado Riquelme,2023,13
1035,8,PC,FRENTE AMPLIO,0,Carmen Hertz Cádiz,2023,13
1051,8,COMUNES,FRENTE AMPLIO,0,Claudia Mix Jiménez,2023,13
1179,8,PDC,PDC,0,Alberto Undurraga Vicuña,2023,13
1165,8,REPUBLICANO,FRENTE SOCIAL CRISTIANO,1,Agustín Romero Leiva,2023,13
989,8,UDI,CHILE VAMOS,1,Joaquín Lavín León,2024,13
1051,8,COMUNES,FRENTE AMPLIO,0,Claudia Mix Jiménez,2024,13
1155,8,IND,SIN PACTO,777,Rubén Darío Oyarzo Figueroa,2024,13
1035,8,PC,FRENTE AMPLIO,0,Carmen Hertz Cádiz,2024,13
1179,8,PDC,PDC,0,Alberto Undurraga Vicuña,2024,13
1094,8,UDI,CHILE VAMOS,1,Cristian Labbé Martínez,2024,13
1165,8,REPUBLICANO,FRENTE SOCIAL CRISTIANO,1,Agustín Romero Leiva,2024,13
1125,8,IND,SIN PACTO,0,Viviana Delgado Riquelme,2024,13
852,9,PPD,NUEVA MAYORIA,0,JORGE ENRIQUE INSUNZA GREGORIO DE LAS HERAS,2014,4
941,9,PS,NUEVA MAYORIA,0,LUIS SEGUNDO LEMUS ARACENA,2014,4
941,9,PS,NUEVA MAYORIA,0,LUIS SEGUNDO LEMUS ARACENA,2015,4
852,9,PPD,NUEVA MAYORIA,0,JORGE ENRIQUE INSUNZA GREGORIO DE LAS HERAS,2015,4
941,9,PS,NUEVA MAYORIA,0,LUIS SEGUNDO LEMUS ARACENA,2016,4
852,9,PPD,NUEVA MAYORIA,0,JORGE ENRIQUE INSUNZA GREGORIO DE LAS HERAS,2016,4
852,9,PPD,NUEVA MAYORIA,0,JORGE ENRIQUE INSUNZA GREGORIO DE LAS HERAS,2017,4
941,9,PS,NUEVA MAYORIA,0,LUIS SEGUNDO LEMUS ARACENA,2017,4
1027,9,RN,CHILE VAMOS,1,JORGE DURAN ESPINOZA,2018,13
973,9,PC,NUEVA MAYORIA,0,KAROL CARIOLA OLIVA,2018,13
1042,9,EVOPOLI,CHILE VAMOS,1,SEBASTIAN KEITEL BIANCHI,2018,13
1012,9,PC,NUEVA MAYORIA,0,BORIS ANTHONY BARRERA MORENO,2018,13
1058,9,RD,FRENTE AMPLIO,0,MAITE ORSINI PASCAL,2018,13
1057,9,RN,CHILE VAMOS,1,ERIKA OLIVERA DE LA FUENTE,2018,13
936,9,PPD,NUEVA MAYORIA,0,CRISTINA GIRARDI LAVIN,2018,13
973,9,PC,NUEVA MAYORIA,0,KAROL CARIOLA OLIVA,2019,13
936,9,PPD,NUEVA MAYORIA,0,CRISTINA GIRARDI LAVIN,2019,13
1057,9,RN,CHILE VAMOS,1,ERIKA OLIVERA DE LA FUENTE,2019,13
1027,9,RN,CHILE VAMOS,1,JORGE DURAN ESPINOZA,2019,13
1042,9,EVOPOLI,CHILE VAMOS,1,SEBASTIAN KEITEL BIANCHI,2019,13
1058,9,RD,FRENTE AMPLIO,0,MAITE ORSINI PASCAL,2019,13
1012,9,PC,NUEVA MAYORIA,0,BORIS ANTHONY BARRERA MORENO,2019,13
1058,9,RD,FRENTE AMPLIO,0,MAITE ORSINI PASCAL,2020,13
1057,9,RN,CHILE VAMOS,1,ERIKA OLIVERA DE LA FUENTE,2020,13
1027,9,RN,CHILE VAMOS,1,JORGE DURAN ESPINOZA,2020,13
936,9,PPD,NUEVA MAYORIA,0,CRISTINA GIRARDI LAVIN,2020,13
1042,9,EVOPOLI,CHILE VAMOS,1,SEBASTIAN KEITEL BIANCHI,2020,13
1012,9,PC,NUEVA MAYORIA,0,BORIS ANTHONY BARRERA MORENO,2020,13
973,9,PC,NUEVA MAYORIA,0,KAROL CARIOLA OLIVA,2020,13
936,9,PPD,NUEVA MAYORIA,0,CRISTINA GIRARDI LAVIN,2021,13
1042,9,EVOPOLI,CHILE VAMOS,1,SEBASTIAN KEITEL BIANCHI,2021,13
973,9,PC,NUEVA MAYORIA,0,KAROL CARIOLA OLIVA,2021,13
1012,9,PC,NUEVA MAYORIA,0,BORIS ANTHONY BARRERA MORENO,2021,13
1058,9,RD,FRENTE AMPLIO,0,MAITE ORSINI PASCAL,2021,13
1057,9,RN,CHILE VAMOS,1,ERIKA OLIVERA DE LA FUENTE,2021,13
1027,9,RN,CHILE VAMOS,1,JORGE DURAN ESPINOZA,2021,13
1057,9,DEMOCRATAS,CHILE VAMOS,1,Erika Olivera De La Fuente,2022,13
1129,9,IND,FRENTE AMPLIO,0,Andrés Giordano Salazar,2022,13
1146,9,REPUBLICANO,FRENTE SOCIAL CRISTIANO,1,José Carlos Meza Pereira,2022,13
1027,9,RN,CHILE VAMOS,1,Jorge Durán Espinoza,2022,13
1058,9,RD,FRENTE AMPLIO,0,Maite Orsini Pascal,2022,13
1012,9,PC,FRENTE AMPLIO,0,Boris Barrera Moreno,2022,13
973,9,PC,FRENTE AMPLIO,0,Karol Cariola Oliva,2022,13
973,9,PC,FRENTE AMPLIO,0,Karol Cariola Oliva,2023,13
1027,9,RN,CHILE VAMOS,1,Jorge Durán Espinoza,2023,13
1146,9,REPUBLICANO,FRENTE SOCIAL CRISTIANO,1,José Carlos Meza Pereira,2023,13
1012,9,PC,FRENTE AMPLIO,0,Boris Barrera Moreno,2023,13
1129,9,IND,FRENTE AMPLIO,0,Andrés Giordano Salazar,2023,13
1057,9,DEMOCRATAS,CHILE VAMOS,1,Erika Olivera De La Fuente,2023,13
1058,9,RD,FRENTE AMPLIO,0,Maite Orsini Pascal,2023,13
1012,9,PC,FRENTE AMPLIO,0,Boris Barrera Moreno,2024,13
1058,9,RD,FRENTE AMPLIO,0,Maite Orsini Pascal,2024,13
1027,9,RN,CHILE VAMOS,1,Jorge Durán Espinoza,2024,13
1146,9,REPUBLICANO,FRENTE SOCIAL CRISTIANO,1,José Carlos Meza Pereira,2024,13
1129,9,IND,FRENTE AMPLIO,0,Andrés Giordano Salazar,2024,13
973,9,PC,FRENTE AMPLIO,0,Karol Cariola Oliva,2024,13
1057,9,DEMOCRATAS,CHILE VAMOS,1,Erika Olivera De La Fuente,2024,13
944,10,UDI,CHILE VAMOS,1,ANDREA MOLINA OLIVA,2014,5
1004,10,PS,NUEVA MAYORIA,0,CHRISTIAN ERWIN URIZAR MUÑOZ,2014,5
1004,10,PS,NUEVA MAYORIA,0,CHRISTIAN ERWIN URIZAR MUÑOZ,2015,5
944,10,UDI,CHILE VAMOS,1,ANDREA MOLINA OLIVA,2015,5
944,10,UDI,CHILE VAMOS,1,ANDREA MOLINA OLIVA,2016,5
1004,10,PS,NUEVA MAYORIA,0,CHRISTIAN ERWIN URIZAR MUÑOZ,2016,5
1004,10,PS,NUEVA MAYORIA,0,CHRISTIAN ERWIN URIZAR MUÑOZ,2017,5
944,10,UDI,CHILE VAMOS,1,ANDREA MOLINA OLIVA,2017,5
949,10,RN,CHILE VAMOS,1,MARCELA SABAT FERNANDEZ,2018,13
1079,10,RN,CHILE VAMOS,1,SEBASTIAN TORREALBA ALVARADO,2018,13
981,10,PS,NUEVA MAYORIA,0,MAYA FERNANDEZ ALLENDE,2018,13
1024,10,EVOPOLI,CHILE VAMOS,1,LUCIANO CRUZ-COKE CARVALLO,2018,13
1018,10,RD,FRENTE AMPLIO,0,NATALIA CASTILLO MUÑOZ,2018,13
1086,10,RD,FRENTE AMPLIO,0,GONZALO WINTER ETCHEBERRY,2018,13
987,10,RD,FRENTE AMPLIO,0,GIORGIO JACKSON DRAGO,2018,13
1009,10,UDI,CHILE VAMOS,1,JORGE ALESSANDRI VERGARA,2018,13
1079,10,RN,CHILE VAMOS,1,SEBASTIAN TORREALBA ALVARADO,2019,13
1018,10,RD,FRENTE AMPLIO,0,NATALIA CASTILLO MUÑOZ,2019,13
1086,10,RD,FRENTE AMPLIO,0,GONZALO WINTER ETCHEBERRY,2019,13
987,10,RD,FRENTE AMPLIO,0,GIORGIO JACKSON DRAGO,2019,13
1024,10,EVOPOLI,CHILE VAMOS,1,LUCIANO CRUZ-COKE CARVALLO,2019,13
949,10,RN,CHILE VAMOS,1,MARCELA SABAT FERNANDEZ,2019,13
1009,10,UDI,CHILE VAMOS,1,JORGE ALESSANDRI VERGARA,2019,13
981,10,PS,NUEVA MAYORIA,0,MAYA FERNANDEZ ALLENDE,2019,13
987,10,RD,FRENTE AMPLIO,0,GIORGIO JACKSON DRAGO,2020,13
1018,10,RD,FRENTE AMPLIO,0,NATALIA CASTILLO MUÑOZ,2020,13
949,10,RN,CHILE VAMOS,1,MARCELA SABAT FERNANDEZ,2020,13
981,10,PS,NUEVA MAYORIA,0,MAYA FERNANDEZ ALLENDE,2020,13
1024,10,EVOPOLI,CHILE VAMOS,1,LUCIANO CRUZ-COKE CARVALLO,2020,13
1079,10,RN,CHILE VAMOS,1,SEBASTIAN TORREALBA ALVARADO,2020,13
1086,10,RD,FRENTE AMPLIO,0,GONZALO WINTER ETCHEBERRY,2020,13
1009,10,UDI,CHILE VAMOS,1,JORGE ALESSANDRI VERGARA,2020,13
1018,10,RD,FRENTE AMPLIO,0,NATALIA CASTILLO MUÑOZ,2021,13
1079,10,RN,CHILE VAMOS,1,SEBASTIAN TORREALBA ALVARADO,2021,13
1086,10,RD,FRENTE AMPLIO,0,GONZALO WINTER ETCHEBERRY,2021,13
1024,10,EVOPOLI,CHILE VAMOS,1,LUCIANO CRUZ-COKE CARVALLO,2021,13
1009,10,UDI,CHILE VAMOS,1,JORGE ALESSANDRI VERGARA,2021,13
949,10,RN,CHILE VAMOS,1,MARCELA SABAT FERNANDEZ,2021,13
987,10,RD,FRENTE AMPLIO,0,GIORGIO JACKSON DRAGO,2021,13
981,10,PS,NUEVA MAYORIA,0,MAYA FERNANDEZ ALLENDE,2021,13
1009,10,UDI,CHILE VAMOS,1,Jorge Alessandri Vergara,2022,13
1127,10,CS,FRENTE AMPLIO,0,Lorena Fries Monleón,2022,13
1120,10,IND,CHILE VAMOS,1,María Luisa Cordero Velásquez,2022,13
1171,10,CS,FRENTE AMPLIO,0,Emilia Schneider Videla,2022,13
1135,10,IND,FRENTE SOCIAL CRISTIANO,1,Johannes Kaiser Barents-Von Hohenhagen,2022,13
1086,10,CS,FRENTE AMPLIO,0,Gonzalo Winter Etcheberry,2022,13
1160,10,PC,FRENTE AMPLIO,0,Alejandra Placencia Cabello,2022,13
1147,10,PPD,NUEVA MAYORIA,0,Helia Molina Milman,2022,13
1171,10,CS,FRENTE AMPLIO,0,Emilia Schneider Videla,2023,13
1160,10,PC,FRENTE AMPLIO,0,Alejandra Placencia Cabello,2023,13
1086,10,CS,FRENTE AMPLIO,0,Gonzalo Winter Etcheberry,2023,13
1147,10,PPD,NUEVA MAYORIA,0,Helia Molina Milman,2023,13
1135,10,IND,FRENTE SOCIAL CRISTIANO,1,Johannes Kaiser Barents-Von Hohenhagen,2023,13
1120,10,IND,CHILE VAMOS,1,María Luisa Cordero Velásquez,2023,13
1127,10,CS,FRENTE AMPLIO,0,Lorena Fries Monleón,2023,13
1009,10,UDI,CHILE VAMOS,1,Jorge Alessandri Vergara,2023,13
1171,10,CS,FRENTE AMPLIO,0,Emilia Schneider Videla,2024,13
1120,10,IND,CHILE VAMOS,1,María Luisa Cordero Velásquez,2024,13
1135,10,IND,FRENTE SOCIAL CRISTIANO,1,Johannes Kaiser Barents-Von Hohenhagen,2024,13
1160,10,PC,FRENTE AMPLIO,0,Alejandra Placencia Cabello,2024,13
1086,10,CS,FRENTE AMPLIO,0,Gonzalo Winter Etcheberry,2024,13
1009,10,UDI,CHILE VAMOS,1,Jorge Alessandri Vergara,2024,13
1127,10,CS,FRENTE AMPLIO,0,Lorena Fries Monleón,2024,13
1147,10,PPD,NUEVA MAYORIA,0,Helia Molina Milman,2024,13
876,11,PPD,NUEVA MAYORIA,0,MARCO ANTONIO NUÑEZ LOZANO,2014,5
948,11,RN,CHILE VAMOS,1,GASPAR ALBERTO RIVAS SANCHEZ,2014,5
876,11,PPD,NUEVA MAYORIA,0,MARCO ANTONIO NUÑEZ LOZANO,2015,5
948,11,RN,CHILE VAMOS,1,GASPAR ALBERTO RIVAS SANCHEZ,2015,5
948,11,RN,CHILE VAMOS,1,GASPAR ALBERTO RIVAS SANCHEZ,2016,5
876,11,PPD,NUEVA MAYORIA,0,MARCO ANTONIO NUÑEZ LOZANO,2016,5
876,11,PPD,NUEVA MAYORIA,0,MARCO ANTONIO NUÑEZ LOZANO,2017,5
948,11,RN,CHILE VAMOS,1,GASPAR ALBERTO RIVAS SANCHEZ,2017,5
1047,11,RN,CHILE VAMOS,1,KARIN LUCK URBAN,2018,13
1036,11,PH,PH,0,TOMAS HIRSCH GOLDSCHMIDT,2018,13
984,11,RN,CHILE VAMOS,1,GONZALO FUENZALIDA FIGUEROA,2018,13
1025,11,RN,CHILE VAMOS,1,CATALINA DEL REAL MIHOVILOVIC,2018,13
1081,11,EVOPOLI,CHILE VAMOS,1,FRANCISCO UNDURRAGA GAZITUA,2018,13
1065,11,UDI,CHILE VAMOS,1,GUILLERMO RAMIREZ DIEZ,2018,13
984,11,RN,CHILE VAMOS,1,GONZALO FUENZALIDA FIGUEROA,2019,13
1081,11,EVOPOLI,CHILE VAMOS,1,FRANCISCO UNDURRAGA GAZITUA,2019,13
1036,11,PH,PH,0,TOMAS HIRSCH GOLDSCHMIDT,2019,13
1025,11,RN,CHILE VAMOS,1,CATALINA DEL REAL MIHOVILOVIC,2019,13
1065,11,UDI,CHILE VAMOS,1,GUILLERMO RAMIREZ DIEZ,2019,13
1047,11,RN,CHILE VAMOS,1,KARIN LUCK URBAN,2019,13
1047,11,RN,CHILE VAMOS,1,KARIN LUCK URBAN,2020,13
984,11,RN,CHILE VAMOS,1,GONZALO FUENZALIDA FIGUEROA,2020,13
1065,11,UDI,CHILE VAMOS,1,GUILLERMO RAMIREZ DIEZ,2020,13
1025,11,RN,CHILE VAMOS,1,CATALINA DEL REAL MIHOVILOVIC,2020,13
1036,11,PH,PH,0,TOMAS HIRSCH GOLDSCHMIDT,2020,13
1081,11,EVOPOLI,CHILE VAMOS,1,FRANCISCO UNDURRAGA GAZITUA,2020,13
1065,11,UDI,CHILE VAMOS,1,GUILLERMO RAMIREZ DIEZ,2021,13
1025,11,RN,CHILE VAMOS,1,CATALINA DEL REAL MIHOVILOVIC,2021,13
984,11,RN,CHILE VAMOS,1,GONZALO FUENZALIDA FIGUEROA,2021,13
1047,11,RN,CHILE VAMOS,1,KARIN LUCK URBAN,2021,13
1036,11,PH,PH,0,TOMAS HIRSCH GOLDSCHMIDT,2021,13
1081,11,EVOPOLI,CHILE VAMOS,1,FRANCISCO UNDURRAGA GAZITUA,2021,13
1100,11,REPUBLICANO,FRENTE SOCIAL CRISTIANO,1,Cristián Araya Lerdo de Tejada,2022,13
1065,11,UDI,CHILE VAMOS,1,Guillermo Ramírez Diez,2022,13
1123,11,IND,FRENTE SOCIAL CRISTIANO,1,Gonzalo De la Carrera Correa,2022,13
1081,11,EVOPOLI,CHILE VAMOS,1,Francisco Undurraga Gazitúa,2022,13
1025,11,IND,FRENTE SOCIAL CRISTIANO,1,Catalina Del Real Mihovilovic,2022,13
1036,11,PH,PH,0,Tomás Hirsch Goldschmidt,2022,13
1100,11,REPUBLICANO,FRENTE SOCIAL CRISTIANO,1,Cristián Araya Lerdo de Tejada,2023,13
1065,11,UDI,CHILE VAMOS,1,Guillermo Ramírez Diez,2023,13
1123,11,IND,FRENTE SOCIAL CRISTIANO,1,Gonzalo De la Carrera Correa,2023,13
1025,11,IND,FRENTE SOCIAL CRISTIANO,1,Catalina Del Real Mihovilovic,2023,13
1036,11,PH,PH,0,Tomás Hirsch Goldschmidt,2023,13
1081,11,EVOPOLI,CHILE VAMOS,1,Francisco Undurraga Gazitúa,2023,13
1065,11,UDI,CHILE VAMOS,1,Guillermo Ramírez Diez,2024,13
1025,11,IND,FRENTE SOCIAL CRISTIANO,1,Catalina Del Real Mihovilovic,2024,13
1100,11,REPUBLICANO,FRENTE SOCIAL CRISTIANO,1,Cristián Araya Lerdo de Tejada,2024,13
1123,11,IND,FRENTE SOCIAL CRISTIANO,1,Gonzalo De la Carrera Correa,2024,13
1081,11,EVOPOLI,CHILE VAMOS,1,Francisco Undurraga Gazitúa,2024,13
1036,11,PH,PH,0,Tomás Hirsch Goldschmidt,2024,13
955,12,UDI,CHILE VAMOS,1,LUIS ARTURO SQUELLA OVALLE,2014,5
920,12,PS,NUEVA MAYORIA,0,MARCELO GASTON SCHILLING RODRIGUEZ,2014,5
920,12,PS,NUEVA MAYORIA,0,MARCELO GASTON SCHILLING RODRIGUEZ,2015,5
955,12,UDI,CHILE VAMOS,1,LUIS ARTURO SQUELLA OVALLE,2015,5
920,12,PS,NUEVA MAYORIA,0,MARCELO GASTON SCHILLING RODRIGUEZ,2016,5
955,12,UDI,CHILE VAMOS,1,LUIS ARTURO SQUELLA OVALLE,2016,5
920,12,PS,NUEVA MAYORIA,0,MARCELO GASTON SCHILLING RODRIGUEZ,2017,5
955,12,UDI,CHILE VAMOS,1,LUIS ARTURO SQUELLA OVALLE,2017,5
946,12,RN,CHILE VAMOS,1,LEOPOLDO PEREZ LAHSEN,2018,13
1039,12,PH,PH,0,PAMELA JILES MORENO,2018,13
1043,12,PC,NUEVA MAYORIA,0,AMARO LABRA SEPULVEDA,2018,13
1006,12,PC,NUEVA MAYORIA,0,CAMILA VALLEJO DOWLING,2018,13
1023,12,RD,FRENTE AMPLIO,0,MIGUEL CRISPI SERRANO,2018,13
1017,12,UDI,CHILE VAMOS,1,ALVARO CARTER FERNANDEZ,2018,13
1059,12,RN,CHILE VAMOS,1,XIMENA OSSANDON IRARRAZABAL,2018,13
946,12,RN,CHILE VAMOS,1,LEOPOLDO PEREZ LAHSEN,2019,13
1023,12,RD,FRENTE AMPLIO,0,MIGUEL CRISPI SERRANO,2019,13
1059,12,RN,CHILE VAMOS,1,XIMENA OSSANDON IRARRAZABAL,2019,13
1039,12,PH,PH,0,PAMELA JILES MORENO,2019,13
1006,12,PC,NUEVA MAYORIA,0,CAMILA VALLEJO DOWLING,2019,13
1017,12,UDI,CHILE VAMOS,1,ALVARO CARTER FERNANDEZ,2019,13
1043,12,PC,NUEVA MAYORIA,0,AMARO LABRA SEPULVEDA,2019,13
1043,12,PC,NUEVA MAYORIA,0,AMARO LABRA SEPULVEDA,2020,13
946,12,RN,CHILE VAMOS,1,LEOPOLDO PEREZ LAHSEN,2020,13
1023,12,RD,FRENTE AMPLIO,0,MIGUEL CRISPI SERRANO,2020,13
1039,12,PH,PH,0,PAMELA JILES MORENO,2020,13
1059,12,RN,CHILE VAMOS,1,XIMENA OSSANDON IRARRAZABAL,2020,13
1006,12,PC,NUEVA MAYORIA,0,CAMILA VALLEJO DOWLING,2020,13
1017,12,UDI,CHILE VAMOS,1,ALVARO CARTER FERNANDEZ,2020,13
1043,12,PC,NUEVA MAYORIA,0,AMARO LABRA SEPULVEDA,2021,13
1017,12,UDI,CHILE VAMOS,1,ALVARO CARTER FERNANDEZ,2021,13
1006,12,PC,NUEVA MAYORIA,0,CAMILA VALLEJO DOWLING,2021,13
946,12,RN,CHILE VAMOS,1,LEOPOLDO PEREZ LAHSEN,2021,13
1039,12,PH,PH,0,PAMELA JILES MORENO,2021,13
1023,12,RD,FRENTE AMPLIO,0,MIGUEL CRISPI SERRANO,2021,13
1059,12,RN,CHILE VAMOS,1,XIMENA OSSANDON IRARRAZABAL,2021,13
1101,12,IND,SIN PACTO,0,Mónica Arce Castro,2022,13
1039,12,HUMANISTAS,HUMANISTAS,0,Pamela Jiles Moreno,2022,13
1173,12,PC,FRENTE AMPLIO,0,Daniela Serrano Salazar,2022,13
1059,12,RN,CHILE VAMOS,1,Ximena Ossandón Irarrázabal,2022,13
1128,12,PH,PH,0,Ana María Gazmuri Vieira,2022,13
1017,12,UDI,CHILE VAMOS,1,Álvaro Carter Fernández,2022,13
1156,12,IND,FRENTE AMPLIO,0,Hernán Palma Pérez,2022,13
1059,12,RN,CHILE VAMOS,1,Ximena Ossandón Irarrázabal,2023,13
1128,12,PH,PH,0,Ana María Gazmuri Vieira,2023,13
1156,12,IND,FRENTE AMPLIO,0,Hernán Palma Pérez,2023,13
1101,12,IND,SIN PACTO,0,Mónica Arce Castro,2023,13
1173,12,PC,FRENTE AMPLIO,0,Daniela Serrano Salazar,2023,13
1039,12,HUMANISTAS,HUMANISTAS,0,Pamela Jiles Moreno,2023,13
1017,12,UDI,CHILE VAMOS,1,Álvaro Carter Fernández,2023,13
1173,12,PC,FRENTE AMPLIO,0,Daniela Serrano Salazar,2024,13
1128,12,PH,PH,0,Ana María Gazmuri Vieira,2024,13
1039,12,HUMANISTAS,HUMANISTAS,0,Pamela Jiles Moreno,2024,13
1101,12,IND,SIN PACTO,0,Mónica Arce Castro,2024,13
1017,12,UDI,CHILE VAMOS,1,Álvaro Carter Fernández,2024,13
1059,12,RN,CHILE VAMOS,1,Ximena Ossandón Irarrázabal,2024,13
1156,12,IND,FRENTE AMPLIO,0,Hernán Palma Pérez,2024,13
846,13,RN,CHILE VAMOS,1,JOAQUIN GODOY IBAÑEZ,2014,5
933,13,PDC,NUEVA MAYORIA,0,ALDO VICENTE CORNEJO GONZALEZ,2014,5
933,13,PDC,NUEVA MAYORIA,0,ALDO VICENTE CORNEJO GONZALEZ,2015,5
846,13,RN,CHILE VAMOS,1,JOAQUIN GODOY IBAÑEZ,2015,5
846,13,RN,CHILE VAMOS,1,JOAQUIN GODOY IBAÑEZ,2016,5
933,13,PDC,NUEVA MAYORIA,0,ALDO VICENTE CORNEJO GONZALEZ,2016,5
846,13,RN,CHILE VAMOS,1,JOAQUIN GODOY IBAÑEZ,2017,5
933,13,PDC,NUEVA MAYORIA,0,ALDO VICENTE CORNEJO GONZALEZ,2017,5
856,13,PPD,NUEVA MAYORIA,0,TUCAPEL FRANCISCO JIMENEZ FUENTES,2018,13
1028,13,RN,CHILE VAMOS,1,EDUARDO DURAN SALINAS,2018,13
956,13,PC,NUEVA MAYORIA,0,GUILLERMO TEILLIER DEL VALLE,2018,13
1087,13,RD,FRENTE AMPLIO,0,GAEL FERNANDA YEOMANS ARAYA,2018,13
1053,13,UDI,CHILE VAMOS,1,CRISTHIAN MOREIRA BARROS,2018,13
1053,13,UDI,CHILE VAMOS,1,CRISTHIAN MOREIRA BARROS,2019,13
1028,13,RN,CHILE VAMOS,1,EDUARDO DURAN SALINAS,2019,13
1087,13,RD,FRENTE AMPLIO,0,GAEL FERNANDA YEOMANS ARAYA,2019,13
856,13,PPD,NUEVA MAYORIA,0,TUCAPEL FRANCISCO JIMENEZ FUENTES,2019,13
956,13,PC,NUEVA MAYORIA,0,GUILLERMO TEILLIER DEL VALLE,2019,13
1053,13,UDI,CHILE VAMOS,1,CRISTHIAN MOREIRA BARROS,2020,13
856,13,PPD,NUEVA MAYORIA,0,TUCAPEL FRANCISCO JIMENEZ FUENTES,2020,13
956,13,PC,NUEVA MAYORIA,0,GUILLERMO TEILLIER DEL VALLE,2020,13
1087,13,RD,FRENTE AMPLIO,0,GAEL FERNANDA YEOMANS ARAYA,2020,13
1028,13,RN,CHILE VAMOS,1,EDUARDO DURAN SALINAS,2020,13
856,13,PPD,NUEVA MAYORIA,0,TUCAPEL FRANCISCO JIMENEZ FUENTES,2021,13
1087,13,RD,FRENTE AMPLIO,0,GAEL FERNANDA YEOMANS ARAYA,2021,13
1028,13,RN,CHILE VAMOS,1,EDUARDO DURAN SALINAS,2021,13
1053,13,UDI,CHILE VAMOS,1,CRISTHIAN MOREIRA BARROS,2021,13
956,13,PC,NUEVA MAYORIA,0,GUILLERMO TEILLIER DEL VALLE,2021,13
1159,13,PC,FRENTE AMPLIO,0,Lorena Pizarro Sierra,2022,13
1053,13,UDI,CHILE VAMOS,1,Cristhian Moreira Barros,2022,13
1087,13,CS,FRENTE AMPLIO,0,Gael Yeomans Araya,2022,13
1028,13,RN,CHILE VAMOS,1,Eduardo Durán Salinas,2022,13
990,13,PS,NUEVA MAYORIA,0,Daniel Melo Contreras,2022,13
1159,13,PC,FRENTE AMPLIO,0,Lorena Pizarro Sierra,2023,13
1087,13,CS,FRENTE AMPLIO,0,Gael Yeomans Araya,2023,13
1053,13,UDI,CHILE VAMOS,1,Cristhian Moreira Barros,2023,13
990,13,PS,NUEVA MAYORIA,0,Daniel Melo Contreras,2023,13
1028,13,RN,CHILE VAMOS,1,Eduardo Durán Salinas,2023,13
1028,13,RN,CHILE VAMOS,1,Eduardo Durán Salinas,2024,13
1053,13,UDI,CHILE VAMOS,1,Cristhian Moreira Barros,2024,13
1159,13,PC,FRENTE AMPLIO,0,Lorena Pizarro Sierra,2024,13
990,13,PS,NUEVA MAYORIA,0,Daniel Melo Contreras,2024,13
1087,13,CS,FRENTE AMPLIO,0,Gael Yeomans Araya,2024,13
848,14,PPD,NUEVA MAYORIA,0,RENE RODRIGO GONZALEZ TORRES,2014,5
1005,14,UDI,CHILE VAMOS,1,OSVALDO ALEJANDRO URRUTIA SOTO,2014,5
1005,14,UDI,CHILE VAMOS,1,OSVALDO ALEJANDRO URRUTIA SOTO,2015,5
848,14,PPD,NUEVA MAYORIA,0,RENE RODRIGO GONZALEZ TORRES,2015,5
848,14,PPD,NUEVA MAYORIA,0,RENE RODRIGO GONZALEZ TORRES,2016,5
1005,14,UDI,CHILE VAMOS,1,OSVALDO ALEJANDRO URRUTIA SOTO,2016,5
1005,14,UDI,CHILE VAMOS,1,OSVALDO ALEJANDRO URRUTIA SOTO,2017,5
848,14,PPD,NUEVA MAYORIA,0,RENE RODRIGO GONZALEZ TORRES,2017,5
1033,14,RD,FRENTE AMPLIO,0,RENATO GARIN GONZALEZ,2018,13
1002,14,PS,NUEVA MAYORIA,0,LEONARDO SOTO FERRADA,2018,13
1044,14,PS,NUEVA MAYORIA,0,RAUL LEIVA CARVAJAL,2018,13
1074,14,PRO,PRO,0,MARISELA SANTIBAÑEZ NOVOA,2018,13
976,14,UDI,CHILE VAMOS,1,JUAN ANTONIO COLOMA ALAMOS,2018,13
970,14,UDI,CHILE VAMOS,1,JAIME BELLOLIO AVARIA,2018,13
970,14,UDI,CHILE VAMOS,1,JAIME BELLOLIO AVARIA,2019,13
1002,14,PS,NUEVA MAYORIA,0,LEONARDO SOTO FERRADA,2019,13
1033,14,RD,FRENTE AMPLIO,0,RENATO GARIN GONZALEZ,2019,13
1074,14,PRO,PRO,0,MARISELA SANTIBAÑEZ NOVOA,2019,13
976,14,UDI,CHILE VAMOS,1,JUAN ANTONIO COLOMA ALAMOS,2019,13
1044,14,PS,NUEVA MAYORIA,0,RAUL LEIVA CARVAJAL,2019,13
970,14,UDI,CHILE VAMOS,1,JAIME BELLOLIO AVARIA,2020,13
1044,14,PS,NUEVA MAYORIA,0,RAUL LEIVA CARVAJAL,2020,13
1002,14,PS,NUEVA MAYORIA,0,LEONARDO SOTO FERRADA,2020,13
1074,14,PRO,PRO,0,MARISELA SANTIBAÑEZ NOVOA,2020,13
976,14,UDI,CHILE VAMOS,1,JUAN ANTONIO COLOMA ALAMOS,2020,13
1033,14,RD,FRENTE AMPLIO,0,RENATO GARIN GONZALEZ,2020,13
976,14,UDI,CHILE VAMOS,1,JUAN ANTONIO COLOMA ALAMOS,2021,13
1044,14,PS,NUEVA MAYORIA,0,RAUL LEIVA CARVAJAL,2021,13
1002,14,PS,NUEVA MAYORIA,0,LEONARDO SOTO FERRADA,2021,13
970,14,UDI,CHILE VAMOS,1,JAIME BELLOLIO AVARIA,2021,13
1033,14,RD,FRENTE AMPLIO,0,RENATO GARIN GONZALEZ,2021,13
1074,14,PRO,PRO,0,MARISELA SANTIBAÑEZ NOVOA,2021,13
1151,14,IND,NUEVA MAYORIA,0,Camila Musante Müller,2022,13
1044,14,PS,NUEVA MAYORIA,0,Raúl Leiva Carvajal,2022,13
1074,14,IND,SIN PACTO,777,Marisela Santibáñez Novoa,2022,13
1002,14,PS,NUEVA MAYORIA,0,Leonardo Soto Ferrada,2022,13
1133,14,REPUBLICANO,FRENTE SOCIAL CRISTIANO,1,Juan Irarrázaval Rossel,2022,13
976,14,UDI,CHILE VAMOS,1,Juan Antonio Coloma Álamos,2022,13
1151,14,IND,NUEVA MAYORIA,0,Camila Musante Müller,2023,13
1044,14,PS,NUEVA MAYORIA,0,Raúl Leiva Carvajal,2023,13
1133,14,REPUBLICANO,FRENTE SOCIAL CRISTIANO,1,Juan Irarrázaval Rossel,2023,13
1074,14,IND,SIN PACTO,777,Marisela Santibáñez Novoa,2023,13
1002,14,PS,NUEVA MAYORIA,0,Leonardo Soto Ferrada,2023,13
976,14,UDI,CHILE VAMOS,1,Juan Antonio Coloma Álamos,2023,13
1074,14,IND,SIN PACTO,777,Marisela Santibáñez Novoa,2024,13
1002,14,PS,NUEVA MAYORIA,0,Leonardo Soto Ferrada,2024,13
976,14,UDI,CHILE VAMOS,1,Juan Antonio Coloma Álamos,2024,13
1151,14,IND,NUEVA MAYORIA,0,Camila Musante Müller,2024,13
1044,14,PS,NUEVA MAYORIA,0,Raúl Leiva Carvajal,2024,13
1133,14,REPUBLICANO,FRENTE SOCIAL CRISTIANO,1,Juan Irarrázaval Rossel,2024,13
940,15,UDI,CHILE VAMOS,1,MARIA JOSE HOFFMANN OPAZO,2014,5
957,15,PDC,NUEVA MAYORIA,0,VICTOR MARCELO TORRES JELDES,2014,5
940,15,UDI,CHILE VAMOS,1,MARIA JOSE HOFFMANN OPAZO,2015,5
957,15,PDC,NUEVA MAYORIA,0,VICTOR MARCELO TORRES JELDES,2015,5
957,15,PDC,NUEVA MAYORIA,0,VICTOR MARCELO TORRES JELDES,2016,5
940,15,UDI,CHILE VAMOS,1,MARIA JOSE HOFFMANN OPAZO,2016,5
957,15,PDC,NUEVA MAYORIA,0,VICTOR MARCELO TORRES JELDES,2017,5
940,15,UDI,CHILE VAMOS,1,MARIA JOSE HOFFMANN OPAZO,2017,5
942,15,UDI,CHILE VAMOS,1,JAVIER MACAYA DANUS,2018,6
931,15,PS,NUEVA MAYORIA,0,JUAN LUIS CASTRO GONZALEZ,2018,6
1075,15,RN,CHILE VAMOS,1,DIEGO SCHALPER SEPULVEDA,2018,6
967,15,UDI,CHILE VAMOS,1,ISSA KORT GARRIGA,2018,6
1077,15,PDC,PDC,0,RAUL SOTO MARDONES,2018,6
967,15,UDI,CHILE VAMOS,1,ISSA KORT GARRIGA,2019,6
931,15,PS,NUEVA MAYORIA,0,JUAN LUIS CASTRO GONZALEZ,2019,6
942,15,UDI,CHILE VAMOS,1,JAVIER MACAYA DANUS,2019,6
1077,15,PDC,PDC,0,RAUL SOTO MARDONES,2019,6
1075,15,RN,CHILE VAMOS,1,DIEGO SCHALPER SEPULVEDA,2019,6
1075,15,RN,CHILE VAMOS,1,DIEGO SCHALPER SEPULVEDA,2020,6
942,15,UDI,CHILE VAMOS,1,JAVIER MACAYA DANUS,2020,6
967,15,UDI,CHILE VAMOS,1,ISSA KORT GARRIGA,2020,6
931,15,PS,NUEVA MAYORIA,0,JUAN LUIS CASTRO GONZALEZ,2020,6
1077,15,PDC,PDC,0,RAUL SOTO MARDONES,2020,6
1075,15,RN,CHILE VAMOS,1,DIEGO SCHALPER SEPULVEDA,2021,6
931,15,PS,NUEVA MAYORIA,0,JUAN LUIS CASTRO GONZALEZ,2021,6
942,15,UDI,CHILE VAMOS,1,JAVIER MACAYA DANUS,2021,6
1077,15,PDC,PDC,0,RAUL SOTO MARDONES,2021,6
967,15,UDI,CHILE VAMOS,1,ISSA KORT GARRIGA,2021,6
1077,15,PPD,NUEVA MAYORIA,0,Raúl Soto Mardones,2022,6
1130,15,IND,NUEVA MAYORIA,0,Marta González Olea,2022,6
1075,15,RN,CHILE VAMOS,1,Diego Schalper Sepúlveda,2022,6
1166,15,IND,CHILE VAMOS,1,Natalia Romero Talguia,2022,6
1164,15,IND,FRENTE AMPLIO,0,Marcela Riquelme Aliaga,2022,6
1075,15,RN,CHILE VAMOS,1,Diego Schalper Sepúlveda,2023,6
1166,15,IND,CHILE VAMOS,1,Natalia Romero Talguia,2023,6
1130,15,IND,NUEVA MAYORIA,0,Marta González Olea,2023,6
1164,15,IND,FRENTE AMPLIO,0,Marcela Riquelme Aliaga,2023,6
1077,15,PPD,NUEVA MAYORIA,0,Raúl Soto Mardones,2023,6
1164,15,IND,FRENTE AMPLIO,0,Marcela Riquelme Aliaga,2024,6
1075,15,RN,CHILE VAMOS,1,Diego Schalper Sepúlveda,2024,6
1166,15,IND,CHILE VAMOS,1,Natalia Romero Talguia,2024,6
1130,15,IND,NUEVA MAYORIA,0,Marta González Olea,2024,6
1077,15,PPD,NUEVA MAYORIA,0,Raúl Soto Mardones,2024,6
865,16,UDI,CHILE VAMOS,1,PATRICIO MELERO ABAROA,2014,13
898,16,PDC,NUEVA MAYORIA,0,GABRIEL MOISES SILBER ROMO,2014,13
865,16,UDI,CHILE VAMOS,1,PATRICIO MELERO ABAROA,2015,13
898,16,PDC,NUEVA MAYORIA,0,GABRIEL MOISES SILBER ROMO,2015,13
865,16,UDI,CHILE VAMOS,1,PATRICIO MELERO ABAROA,2016,13
898,16,PDC,NUEVA MAYORIA,0,GABRIEL MOISES SILBER ROMO,2016,13
898,16,PDC,NUEVA MAYORIA,0,GABRIEL MOISES SILBER ROMO,2017,13
865,16,UDI,CHILE VAMOS,1,PATRICIO MELERO ABAROA,2017,13
1080,16,UDI,CHILE VAMOS,1,VIRGINIA TRONCOSO HELLMAN,2018,6
1049,16,PRSD,NUEVA MAYORIA,0,COSME MELLADO PINO,2018,6
897,16,FRVS,FRVS,0,ALEJANDRA SEPULVEDA ORBENES,2018,6
811,16,UDI,CHILE VAMOS,1,RAMON BARROS MONTERO,2018,6
897,16,FRVS,FRVS,0,ALEJANDRA SEPULVEDA ORBENES,2019,6
811,16,UDI,CHILE VAMOS,1,RAMON BARROS MONTERO,2019,6
1049,16,PRSD,NUEVA MAYORIA,0,COSME MELLADO PINO,2019,6
1080,16,UDI,CHILE VAMOS,1,VIRGINIA TRONCOSO HELLMAN,2019,6
897,16,FRVS,FRVS,0,ALEJANDRA SEPULVEDA ORBENES,2020,6
1049,16,PRSD,NUEVA MAYORIA,0,COSME MELLADO PINO,2020,6
811,16,UDI,CHILE VAMOS,1,RAMON BARROS MONTERO,2020,6
1080,16,UDI,CHILE VAMOS,1,VIRGINIA TRONCOSO HELLMAN,2020,6
1080,16,UDI,CHILE VAMOS,1,VIRGINIA TRONCOSO HELLMAN,2021,6
811,16,UDI,CHILE VAMOS,1,RAMON BARROS MONTERO,2021,6
1049,16,PRSD,NUEVA MAYORIA,0,COSME MELLADO PINO,2021,6
897,16,FRVS,FRVS,0,ALEJANDRA SEPULVEDA ORBENES,2021,6
1149,16,RN,CHILE VAMOS,1,Carla Morales Maldonado,2022,6
1121,16,UDI,CHILE VAMOS,1,Eduardo Cornejo Lagos,2022,6
1114,16,IND,FRENTE AMPLIO,0,Félix Bugueño Sotelo,2022,6
1049,16,PRSD,NUEVA MAYORIA,0,Cosme Mellado Pino,2022,6
1121,16,UDI,CHILE VAMOS,1,Eduardo Cornejo Lagos,2023,6
1149,16,RN,CHILE VAMOS,1,Carla Morales Maldonado,2023,6
1114,16,IND,FRENTE AMPLIO,0,Félix Bugueño Sotelo,2023,6
1049,16,PRSD,NUEVA MAYORIA,0,Cosme Mellado Pino,2023,6
1049,16,PRSD,NUEVA MAYORIA,0,Cosme Mellado Pino,2024,6
1121,16,UDI,CHILE VAMOS,1,Eduardo Cornejo Lagos,2024,6
1114,16,IND,FRENTE AMPLIO,0,Félix Bugueño Sotelo,2024,6
1149,16,RN,CHILE VAMOS,1,Carla Morales Maldonado,2024,6
980,17,PPD,NUEVA MAYORIA,0,DANIEL ALEJANDRO FARCAS GUENDELMAN,2014,13
891,17,RN,CHILE VAMOS,1,KARLA ELIZABETH RUBILAR BARAHONA,2014,13
980,17,PPD,NUEVA MAYORIA,0,DANIEL ALEJANDRO FARCAS GUENDELMAN,2015,13
891,17,RN,CHILE VAMOS,1,KARLA ELIZABETH RUBILAR BARAHONA,2015,13
891,17,RN,CHILE VAMOS,1,KARLA ELIZABETH RUBILAR BARAHONA,2016,13
980,17,PPD,NUEVA MAYORIA,0,DANIEL ALEJANDRO FARCAS GUENDELMAN,2016,13
980,17,PPD,NUEVA MAYORIA,0,DANIEL ALEJANDRO FARCAS GUENDELMAN,2017,13
891,17,RN,CHILE VAMOS,1,KARLA ELIZABETH RUBILAR BARAHONA,2017,13
1008,17,PH,PH,0,FLORCITA ALARCON ROJAS,2018,7
1064,17,RN,CHILE VAMOS,1,PABLO PRIETO LORCA,2018,7
945,17,UDI,CHILE VAMOS,1,CELSO MORALES MUÑOZ,2018,7
862,17,PDC,PDC,0,PABLO LORENZINI BASSO,2018,7
923,17,UDI,CHILE VAMOS,1,PEDRO PABLO ALVAREZ-SALAMANCA RAMIREZ,2018,7
1076,17,PRSD,NUEVA MAYORIA,0,ALEXIS SEPULVEDA SOTO,2018,7
1067,17,RN,CHILE VAMOS,1,HUGO REY MARTINEZ,2018,7
1067,17,RN,CHILE VAMOS,1,HUGO REY MARTINEZ,2019,7
945,17,UDI,CHILE VAMOS,1,CELSO MORALES MUÑOZ,2019,7
1064,17,RN,CHILE VAMOS,1,PABLO PRIETO LORCA,2019,7
923,17,UDI,CHILE VAMOS,1,PEDRO PABLO ALVAREZ-SALAMANCA RAMIREZ,2019,7
1076,17,PRSD,NUEVA MAYORIA,0,ALEXIS SEPULVEDA SOTO,2019,7
1008,17,PH,PH,0,FLORCITA ALARCON ROJAS,2019,7
862,17,PDC,PDC,0,PABLO LORENZINI BASSO,2019,7
1064,17,RN,CHILE VAMOS,1,PABLO PRIETO LORCA,2020,7
862,17,PDC,PDC,0,PABLO LORENZINI BASSO,2020,7
945,17,UDI,CHILE VAMOS,1,CELSO MORALES MUÑOZ,2020,7
1076,17,PRSD,NUEVA MAYORIA,0,ALEXIS SEPULVEDA SOTO,2020,7
923,17,UDI,CHILE VAMOS,1,PEDRO PABLO ALVAREZ-SALAMANCA RAMIREZ,2020,7
1008,17,PH,PH,0,FLORCITA ALARCON ROJAS,2020,7
1067,17,RN,CHILE VAMOS,1,HUGO REY MARTINEZ,2020,7
1064,17,RN,CHILE VAMOS,1,PABLO PRIETO LORCA,2021,7
862,17,PDC,PDC,0,PABLO LORENZINI BASSO,2021,7
923,17,UDI,CHILE VAMOS,1,PEDRO PABLO ALVAREZ-SALAMANCA RAMIREZ,2021,7
1067,17,RN,CHILE VAMOS,1,HUGO REY MARTINEZ,2021,7
1008,17,PH,PH,0,FLORCITA ALARCON ROJAS,2021,7
945,17,UDI,CHILE VAMOS,1,CELSO MORALES MUÑOZ,2021,7
1076,17,PRSD,NUEVA MAYORIA,0,ALEXIS SEPULVEDA SOTO,2021,7
1076,17,PRSD,NUEVA MAYORIA,0,Alexis Sepúlveda Soto,2022,7
1126,17,UDI,CHILE VAMOS,1,Felipe Donoso Castro,2022,7
1150,17,REPUBLICANO,FRENTE SOCIAL CRISTIANO,1,Benjamín Moreno Bascur,2022,7
1115,17,IND,FRENTE AMPLIO,0,Mercedes Bulnes Núñez,2022,7
1132,17,EVOPOLI,CHILE VAMOS,1,Jorge Guzmán Zepeda,2022,7
1067,17,RN,CHILE VAMOS,1,Hugo Rey Martínez,2022,7
1161,17,IND,SIN PACTO,0,Francisco Pulgar Castillo,2022,7
1076,17,PRSD,NUEVA MAYORIA,0,Alexis Sepúlveda Soto,2023,7
1115,17,IND,FRENTE AMPLIO,0,Mercedes Bulnes Núñez,2023,7
1126,17,UDI,CHILE VAMOS,1,Felipe Donoso Castro,2023,7
1150,17,REPUBLICANO,FRENTE SOCIAL CRISTIANO,1,Benjamín Moreno Bascur,2023,7
1067,17,RN,CHILE VAMOS,1,Hugo Rey Martínez,2023,7
1132,17,EVOPOLI,CHILE VAMOS,1,Jorge Guzmán Zepeda,2023,7
1161,17,IND,SIN PACTO,0,Francisco Pulgar Castillo,2023,7
1076,17,PRSD,NUEVA MAYORIA,0,Alexis Sepúlveda Soto,2024,7
1150,17,REPUBLICANO,FRENTE SOCIAL CRISTIANO,1,Benjamín Moreno Bascur,2024,7
1126,17,UDI,CHILE VAMOS,1,Felipe Donoso Castro,2024,7
1161,17,IND,SIN PACTO,0,Francisco Pulgar Castillo,2024,7
1132,17,EVOPOLI,CHILE VAMOS,1,Jorge Guzmán Zepeda,2024,7
1067,17,RN,CHILE VAMOS,1,Hugo Rey Martínez,2024,7
1115,17,IND,FRENTE AMPLIO,0,Mercedes Bulnes Núñez,2024,7
868,18,RN,CHILE VAMOS,1,NICOLAS MONCKEBERG DIAZ,2014,13
936,18,PPD,NUEVA MAYORIA,0,CRISTINA GIRARDI LAVIN,2014,13
936,18,PPD,NUEVA MAYORIA,0,CRISTINA GIRARDI LAVIN,2015,13
868,18,RN,CHILE VAMOS,1,NICOLAS MONCKEBERG DIAZ,2015,13
868,18,RN,CHILE VAMOS,1,NICOLAS MONCKEBERG DIAZ,2016,13
936,18,PPD,NUEVA MAYORIA,0,CRISTINA GIRARDI LAVIN,2016,13
868,18,RN,CHILE VAMOS,1,NICOLAS MONCKEBERG DIAZ,2017,13
936,18,PPD,NUEVA MAYORIA,0,CRISTINA GIRARDI LAVIN,2017,13
1066,18,UDI,CHILE VAMOS,1,ROLANDO RENTERIA MOLLER,2018,7
74,18,PS,NUEVA MAYORIA,0,JAIME NARANJO ORTIZ,2018,7
660,18,PDC,PDC,0,MANUEL JOSE MATTA ARAGAY,2018,7
908,18,UDI,CHILE VAMOS,1,IGNACIO URRUTIA BONILLA,2018,7
908,18,UDI,CHILE VAMOS,1,IGNACIO URRUTIA BONILLA,2019,7
660,18,PDC,PDC,0,MANUEL JOSE MATTA ARAGAY,2019,7
74,18,PS,NUEVA MAYORIA,0,JAIME NARANJO ORTIZ,2019,7
1066,18,UDI,CHILE VAMOS,1,ROLANDO RENTERIA MOLLER,2019,7
1066,18,UDI,CHILE VAMOS,1,ROLANDO RENTERIA MOLLER,2020,7
908,18,UDI,CHILE VAMOS,1,IGNACIO URRUTIA BONILLA,2020,7
74,18,PS,NUEVA MAYORIA,0,JAIME NARANJO ORTIZ,2020,7
660,18,PDC,PDC,0,MANUEL JOSE MATTA ARAGAY,2020,7
74,18,PS,NUEVA MAYORIA,0,JAIME NARANJO ORTIZ,2021,7
908,18,UDI,CHILE VAMOS,1,IGNACIO URRUTIA BONILLA,2021,7
1066,18,UDI,CHILE VAMOS,1,ROLANDO RENTERIA MOLLER,2021,7
660,18,PDC,PDC,0,MANUEL JOSE MATTA ARAGAY,2021,7
1180,18,IND,FRENTE AMPLIO,0,Consuelo Veloso Ávila,2022,7
1136,18,IND,CHILE VAMOS,1,Paula Labra Besserer,2022,7
1109,18,UDI,CHILE VAMOS,1,Gustavo Benavente Vergara,2022,7
74,18,PS,NUEVA MAYORIA,0,Jaime Naranjo Ortiz,2022,7
1136,18,IND,CHILE VAMOS,1,Paula Labra Besserer,2023,7
1180,18,IND,FRENTE AMPLIO,0,Consuelo Veloso Ávila,2023,7
74,18,PS,NUEVA MAYORIA,0,Jaime Naranjo Ortiz,2023,7
1109,18,UDI,CHILE VAMOS,1,Gustavo Benavente Vergara,2023,7
1109,18,UDI,CHILE VAMOS,1,Gustavo Benavente Vergara,2024,7
74,18,PS,NUEVA MAYORIA,0,Jaime Naranjo Ortiz,2024,7
1136,18,IND,CHILE VAMOS,1,Paula Labra Besserer,2024,7
1180,18,IND,FRENTE AMPLIO,0,Consuelo Veloso Ávila,2024,7
973,19,PC,NUEVA MAYORIA,0,KAROL AIDA CARIOLA OLIVA,2014,13
874,19,UDI,CHILE VAMOS,1,CLAUDIA ANDREA NOGUEIRA FERNANDEZ,2014,13
973,19,PC,NUEVA MAYORIA,0,KAROL AIDA CARIOLA OLIVA,2015,13
874,19,UDI,CHILE VAMOS,1,CLAUDIA ANDREA NOGUEIRA FERNANDEZ,2015,13
973,19,PC,NUEVA MAYORIA,0,KAROL AIDA CARIOLA OLIVA,2016,13
874,19,UDI,CHILE VAMOS,1,CLAUDIA ANDREA NOGUEIRA FERNANDEZ,2016,13
874,19,UDI,CHILE VAMOS,1,CLAUDIA ANDREA NOGUEIRA FERNANDEZ,2017,13
973,19,PC,NUEVA MAYORIA,0,KAROL AIDA CARIOLA OLIVA,2017,13
974,19,PPD,NUEVA MAYORIA,0,MARIA LORETO CARVAJAL AMBIADO,2018,16
893,19,PDC,PDC,0,JORGE EDUARDO SABAG VILLALOBOS,2018,16
953,19,RN,CHILE VAMOS,1,FRANK SAUERBAUM MUÑOZ,2018,16
855,19,PRSD,NUEVA MAYORIA,0,CARLOS ABEL JARPA WEVAR,2018,16
1072,19,UDI,CHILE VAMOS,1,GUSTAVO SANHUEZA DUEÑAS,2018,16
974,19,PPD,NUEVA MAYORIA,0,MARIA LORETO CARVAJAL AMBIADO,2019,16
893,19,PDC,PDC,0,JORGE EDUARDO SABAG VILLALOBOS,2019,16
1072,19,UDI,CHILE VAMOS,1,GUSTAVO SANHUEZA DUEÑAS,2019,16
953,19,RN,CHILE VAMOS,1,FRANK SAUERBAUM MUÑOZ,2019,16
855,19,PRSD,NUEVA MAYORIA,0,CARLOS ABEL JARPA WEVAR,2019,16
855,19,PRSD,NUEVA MAYORIA,0,CARLOS ABEL JARPA WEVAR,2020,16
1072,19,UDI,CHILE VAMOS,1,GUSTAVO SANHUEZA DUEÑAS,2020,16
893,19,PDC,PDC,0,JORGE EDUARDO SABAG VILLALOBOS,2020,16
953,19,RN,CHILE VAMOS,1,FRANK SAUERBAUM MUÑOZ,2020,16
974,19,PPD,NUEVA MAYORIA,0,MARIA LORETO CARVAJAL AMBIADO,2020,16
855,19,PRSD,NUEVA MAYORIA,0,CARLOS ABEL JARPA WEVAR,2021,16
974,19,PPD,NUEVA MAYORIA,0,MARIA LORETO CARVAJAL AMBIADO,2021,16
1072,19,UDI,CHILE VAMOS,1,GUSTAVO SANHUEZA DUEÑAS,2021,16
953,19,RN,CHILE VAMOS,1,FRANK SAUERBAUM MUÑOZ,2021,16
893,19,PDC,PDC,0,JORGE EDUARDO SABAG VILLALOBOS,2021,16
1113,19,UDI,CHILE VAMOS,1,Marta Bravo Salinas,2022,16
1119,19,PSC,FRENTE SOCIAL CRISTIANO,1,Sara Concha Smith,2022,16
953,19,RN,CHILE VAMOS,1,Frank Sauerbaum Muñoz,2022,16
1143,19,UDI,CHILE VAMOS,1,Cristóbal Martínez Ramírez,2022,16
1116,19,IND,SIN PACTO,0,Felipe Camaño Cárdenas,2022,16
1116,19,IND,SIN PACTO,0,Felipe Camaño Cárdenas,2023,16
1113,19,UDI,CHILE VAMOS,1,Marta Bravo Salinas,2023,16
1143,19,UDI,CHILE VAMOS,1,Cristóbal Martínez Ramírez,2023,16
953,19,RN,CHILE VAMOS,1,Frank Sauerbaum Muñoz,2023,16
1119,19,PSC,FRENTE SOCIAL CRISTIANO,1,Sara Concha Smith,2023,16
1116,19,IND,SIN PACTO,0,Felipe Camaño Cárdenas,2024,16
1143,19,UDI,CHILE VAMOS,1,Cristóbal Martínez Ramírez,2024,16
1119,19,PSC,FRENTE SOCIAL CRISTIANO,1,Sara Concha Smith,2024,16
1113,19,UDI,CHILE VAMOS,1,Marta Bravo Salinas,2024,16
953,19,RN,CHILE VAMOS,1,Frank Sauerbaum Muñoz,2024,16
925,20,PPD,NUEVA MAYORIA,0,PEPE AUTH STEWART,2014,13
989,20,UDI,CHILE VAMOS,1,JOAQUIN JOSE LAVIN LEON,2014,13
989,20,UDI,CHILE VAMOS,1,JOAQUIN JOSE LAVIN LEON,2015,13
925,20,PPD,NUEVA MAYORIA,0,PEPE AUTH STEWART,2015,13
989,20,UDI,CHILE VAMOS,1,JOAQUIN JOSE LAVIN LEON,2016,13
925,20,PPD,NUEVA MAYORIA,0,PEPE AUTH STEWART,2016,13
925,20,PPD,NUEVA MAYORIA,0,PEPE AUTH STEWART,2017,13
989,20,UDI,CHILE VAMOS,1,JOAQUIN JOSE LAVIN LEON,2017,13
1054,20,RN,CHILE VAMOS,1,FRANCESCA MUÑOZ GONZALEZ,2018,8
1034,20,PEV,PEV,0,FELIX GONZALEZ GATICA,2018,8
959,20,UDI,CHILE VAMOS,1,ENRIQUE VAN RYSSELBERGHE HERRERA,2018,8
1078,20,PS,NUEVA MAYORIA,0,JAIME TOHA GONZALEZ,2018,8
1069,20,RN,CHILE VAMOS,1,LEONIDAS ROMERO SAEZ,2018,8
815,20,UDI,CHILE VAMOS,1,SERGIO BOBADILLA MUÑOZ,2018,8
1071,20,PS,NUEVA MAYORIA,0,GASTON SAAVEDRA CHANDIA,2018,8
879,20,PDC,PDC,0,JOSE MIGUEL ORTIZ NOVOA,2018,8
1071,20,PS,NUEVA MAYORIA,0,GASTON SAAVEDRA CHANDIA,2019,8
1034,20,PEV,PEV,0,FELIX GONZALEZ GATICA,2019,8
1069,20,RN,CHILE VAMOS,1,LEONIDAS ROMERO SAEZ,2019,8
1054,20,RN,CHILE VAMOS,1,FRANCESCA MUÑOZ GONZALEZ,2019,8
879,20,PDC,PDC,0,JOSE MIGUEL ORTIZ NOVOA,2019,8
959,20,UDI,CHILE VAMOS,1,ENRIQUE VAN RYSSELBERGHE HERRERA,2019,8
1078,20,PS,NUEVA MAYORIA,0,JAIME TOHA GONZALEZ,2019,8
815,20,UDI,CHILE VAMOS,1,SERGIO BOBADILLA MUÑOZ,2019,8
815,20,UDI,CHILE VAMOS,1,SERGIO BOBADILLA MUÑOZ,2020,8
1069,20,RN,CHILE VAMOS,1,LEONIDAS ROMERO SAEZ,2020,8
879,20,PDC,PDC,0,JOSE MIGUEL ORTIZ NOVOA,2020,8
1071,20,PS,NUEVA MAYORIA,0,GASTON SAAVEDRA CHANDIA,2020,8
1054,20,RN,CHILE VAMOS,1,FRANCESCA MUÑOZ GONZALEZ,2020,8
1034,20,PEV,PEV,0,FELIX GONZALEZ GATICA,2020,8
1078,20,PS,NUEVA MAYORIA,0,JAIME TOHA GONZALEZ,2020,8
959,20,UDI,CHILE VAMOS,1,ENRIQUE VAN RYSSELBERGHE HERRERA,2020,8
1071,20,PS,NUEVA MAYORIA,0,GASTON SAAVEDRA CHANDIA,2021,8
879,20,PDC,PDC,0,JOSE MIGUEL ORTIZ NOVOA,2021,8
1078,20,PS,NUEVA MAYORIA,0,JAIME TOHA GONZALEZ,2021,8
1069,20,RN,CHILE VAMOS,1,LEONIDAS ROMERO SAEZ,2021,8
1034,20,PEV,PEV,0,FELIX GONZALEZ GATICA,2021,8
815,20,UDI,CHILE VAMOS,1,SERGIO BOBADILLA MUÑOZ,2021,8
959,20,UDI,CHILE VAMOS,1,ENRIQUE VAN RYSSELBERGHE HERRERA,2021,8
1054,20,RN,CHILE VAMOS,1,FRANCESCA MUÑOZ GONZALEZ,2021,8
1096,20,PC,FRENTE AMPLIO,0,María Candelaria Acevedo Sáez,2022,8
815,20,UDI,CHILE VAMOS,1,Sergio Bobadilla Muñoz,2022,8
1102,20,PSC,FRENTE SOCIAL CRISTIANO,1,Roberto Arroyo Muñoz,2022,8
1069,20,IND,CHILE VAMOS,1,Leonidas Romero Sáez,2022,8
1097,20,PDC,PDC,0,Eric Aedo Jeldres,2022,8
1034,20,PEV,PEV,0,Félix González Gatica,2022,8
1157,20,IND,CHILE VAMOS,1,Marlene Pérez Cartes,2022,8
1054,20,PSC,FRENTE SOCIAL CRISTIANO,1,Francesca Muñoz González,2022,8
1096,20,PC,FRENTE AMPLIO,0,María Candelaria Acevedo Sáez,2023,8
1069,20,IND,CHILE VAMOS,1,Leonidas Romero Sáez,2023,8
1157,20,IND,CHILE VAMOS,1,Marlene Pérez Cartes,2023,8
1054,20,PSC,FRENTE SOCIAL CRISTIANO,1,Francesca Muñoz González,2023,8
1097,20,PDC,PDC,0,Eric Aedo Jeldres,2023,8
1034,20,PEV,PEV,0,Félix González Gatica,2023,8
815,20,UDI,CHILE VAMOS,1,Sergio Bobadilla Muñoz,2023,8
1102,20,PSC,FRENTE SOCIAL CRISTIANO,1,Roberto Arroyo Muñoz,2023,8
1054,20,PSC,FRENTE SOCIAL CRISTIANO,1,Francesca Muñoz González,2024,8
1097,20,PDC,PDC,0,Eric Aedo Jeldres,2024,8
1157,20,IND,CHILE VAMOS,1,Marlene Pérez Cartes,2024,8
1096,20,PC,FRENTE AMPLIO,0,María Candelaria Acevedo Sáez,2024,8
1034,20,PEV,PEV,0,Félix González Gatica,2024,8
815,20,UDI,CHILE VAMOS,1,Sergio Bobadilla Muñoz,2024,8
1102,20,PSC,FRENTE SOCIAL CRISTIANO,1,Roberto Arroyo Muñoz,2024,8
1069,20,IND,CHILE VAMOS,1,Leonidas Romero Sáez,2024,8
981,21,PS,NUEVA MAYORIA,0,MAYA ALEJANDRA FERNANDEZ ALLENDE,2014,13
949,21,RN,CHILE VAMOS,1,MARCELA CONSTANZA SABAT FERNANDEZ,2014,13
981,21,PS,NUEVA MAYORIA,0,MAYA ALEJANDRA FERNANDEZ ALLENDE,2015,13
949,21,RN,CHILE VAMOS,1,MARCELA CONSTANZA SABAT FERNANDEZ,2015,13
981,21,PS,NUEVA MAYORIA,0,MAYA ALEJANDRA FERNANDEZ ALLENDE,2016,13
949,21,RN,CHILE VAMOS,1,MARCELA CONSTANZA SABAT FERNANDEZ,2016,13
981,21,PS,NUEVA MAYORIA,0,MAYA ALEJANDRA FERNANDEZ ALLENDE,2017,13
949,21,RN,CHILE VAMOS,1,MARCELA CONSTANZA SABAT FERNANDEZ,2017,13
1082,21,RN,CHILE VAMOS,1,CRISTOBAL URRUTICOECHEA RIOS,2018,8
869,21,PS,NUEVA MAYORIA,0,MANUEL MONSALVE BENAVIDES,2018,8
885,21,PRSD,NUEVA MAYORIA,0,JOSE PEREZ ARRIAGADA,2018,8
875,21,UDI,CHILE VAMOS,1,IVAN NORAMBUENA FARIAS,2018,8
1062,21,PDC,PDC,0,JOANNA PEREZ OLEA,2018,8
885,21,PRSD,NUEVA MAYORIA,0,JOSE PEREZ ARRIAGADA,2019,8
1062,21,PDC,PDC,0,JOANNA PEREZ OLEA,2019,8
875,21,UDI,CHILE VAMOS,1,IVAN NORAMBUENA FARIAS,2019,8
869,21,PS,NUEVA MAYORIA,0,MANUEL MONSALVE BENAVIDES,2019,8
1082,21,RN,CHILE VAMOS,1,CRISTOBAL URRUTICOECHEA RIOS,2019,8
1062,21,PDC,PDC,0,JOANNA PEREZ OLEA,2020,8
869,21,PS,NUEVA MAYORIA,0,MANUEL MONSALVE BENAVIDES,2020,8
885,21,PRSD,NUEVA MAYORIA,0,JOSE PEREZ ARRIAGADA,2020,8
875,21,UDI,CHILE VAMOS,1,IVAN NORAMBUENA FARIAS,2020,8
1082,21,RN,CHILE VAMOS,1,CRISTOBAL URRUTICOECHEA RIOS,2020,8
885,21,PRSD,NUEVA MAYORIA,0,JOSE PEREZ ARRIAGADA,2021,8
869,21,PS,NUEVA MAYORIA,0,MANUEL MONSALVE BENAVIDES,2021,8
1062,21,PDC,PDC,0,JOANNA PEREZ OLEA,2021,8
875,21,UDI,CHILE VAMOS,1,IVAN NORAMBUENA FARIAS,2021,8
1082,21,RN,CHILE VAMOS,1,CRISTOBAL URRUTICOECHEA RIOS,2021,8
1082,21,REPUBLICANO,FRENTE SOCIAL CRISTIANO,1,Cristóbal Urruticoechea Ríos,2022,8
1145,21,PDG,PDG,777,Karen Medina Vásquez,2022,8
1183,21,UDI,CHILE VAMOS,1,Flor Weisse Novoa,2022,8
1169,21,IND,FRENTE AMPLIO,0,Clara Sagardia Cabezas,2022,8
1062,21,DEMOCRATAS,CHILE VAMOS,1,Joanna Pérez Olea,2022,8
1169,21,IND,FRENTE AMPLIO,0,Clara Sagardia Cabezas,2023,8
1062,21,DEMOCRATAS,CHILE VAMOS,1,Joanna Pérez Olea,2023,8
1145,21,PDG,PDG,777,Karen Medina Vásquez,2023,8
1082,21,REPUBLICANO,FRENTE SOCIAL CRISTIANO,1,Cristóbal Urruticoechea Ríos,2023,8
1183,21,UDI,CHILE VAMOS,1,Flor Weisse Novoa,2023,8
1082,21,REPUBLICANO,FRENTE SOCIAL CRISTIANO,1,Cristóbal Urruticoechea Ríos,2024,8
1062,21,DEMOCRATAS,CHILE VAMOS,1,Joanna Pérez Olea,2024,8
1183,21,UDI,CHILE VAMOS,1,Flor Weisse Novoa,2024,8
1145,21,PDG,PDG,777,Karen Medina Vásquez,2024,8
1169,21,IND,FRENTE AMPLIO,0,Clara Sagardia Cabezas,2024,8
987,22,IND,SIN PACTO,0,KENNETH GIORGIO JACKSON DRAGO,2014,13
988,22,INDEPENDIENTES LISTA J,CHILE VAMOS,1,FELIPE JOSE KAST SOMMERHOFF,2014,13
987,22,IND,SIN PACTO,0,KENNETH GIORGIO JACKSON DRAGO,2015,13
988,22,INDEPENDIENTES LISTA J,CHILE VAMOS,1,FELIPE JOSE KAST SOMMERHOFF,2015,13
987,22,IND,SIN PACTO,0,KENNETH GIORGIO JACKSON DRAGO,2016,13
988,22,INDEPENDIENTES LISTA J,CHILE VAMOS,1,FELIPE JOSE KAST SOMMERHOFF,2016,13
987,22,IND,SIN PACTO,0,KENNETH GIORGIO JACKSON DRAGO,2017,13
988,22,INDEPENDIENTES LISTA J,CHILE VAMOS,1,FELIPE JOSE KAST SOMMERHOFF,2017,13
913,22,PDC,PDC,0,MARIO ARTIDORO VENEGAS CARDENAS,2018,9
1061,22,PPD,NUEVA MAYORIA,0,ANDREA PARRA SAUTEREL,2018,9
995,22,RN,CHILE VAMOS,1,DIEGO PAULSEN KEHR,2018,9
999,22,RN,CHILE VAMOS,1,JORGE RATHGEB SCHIFFERLI,2018,9
995,22,RN,CHILE VAMOS,1,DIEGO PAULSEN KEHR,2019,9
913,22,PDC,PDC,0,MARIO ARTIDORO VENEGAS CARDENAS,2019,9
999,22,RN,CHILE VAMOS,1,JORGE RATHGEB SCHIFFERLI,2019,9
1061,22,PPD,NUEVA MAYORIA,0,ANDREA PARRA SAUTEREL,2019,9
995,22,RN,CHILE VAMOS,1,DIEGO PAULSEN KEHR,2020,9
999,22,RN,CHILE VAMOS,1,JORGE RATHGEB SCHIFFERLI,2020,9
1061,22,PPD,NUEVA MAYORIA,0,ANDREA PARRA SAUTEREL,2020,9
913,22,PDC,PDC,0,MARIO ARTIDORO VENEGAS CARDENAS,2020,9
1061,22,PPD,NUEVA MAYORIA,0,ANDREA PARRA SAUTEREL,2021,9
913,22,PDC,PDC,0,MARIO ARTIDORO VENEGAS CARDENAS,2021,9
995,22,RN,CHILE VAMOS,1,DIEGO PAULSEN KEHR,2021,9
999,22,RN,CHILE VAMOS,1,JORGE RATHGEB SCHIFFERLI,2021,9
1152,22,IND,FRENTE SOCIAL CRISTIANO,1,Gloria Naveillan Arriagada,2022,9
1168,22,DEMOCRATAS,CHILE VAMOS,1,Jorge Saffirio Espinoza,2022,9
999,22,RN,CHILE VAMOS,1,Jorge Rathgeb Schifferli,2022,9
1108,22,RN,CHILE VAMOS,1,Juan Carlos Beltrán Silva,2022,9
1168,22,DEMOCRATAS,CHILE VAMOS,1,Jorge Saffirio Espinoza,2023,9
1108,22,RN,CHILE VAMOS,1,Juan Carlos Beltrán Silva,2023,9
1152,22,IND,FRENTE SOCIAL CRISTIANO,1,Gloria Naveillan Arriagada,2023,9
999,22,RN,CHILE VAMOS,1,Jorge Rathgeb Schifferli,2023,9
1168,22,DEMOCRATAS,CHILE VAMOS,1,Jorge Saffirio Espinoza,2024,9
1108,22,RN,CHILE VAMOS,1,Juan Carlos Beltrán Silva,2024,9
999,22,RN,CHILE VAMOS,1,Jorge Rathgeb Schifferli,2024,9
1152,22,IND,FRENTE SOCIAL CRISTIANO,1,Gloria Naveillan Arriagada,2024,9
867,23,RN,CHILE VAMOS,1,CRISTIAN MONCKEBERG BRUNER,2014,13
954,23,UDI,CHILE VAMOS,1,ERNESTO SILVA MENDEZ,2014,13
867,23,RN,CHILE VAMOS,1,CRISTIAN MONCKEBERG BRUNER,2015,13
954,23,UDI,CHILE VAMOS,1,ERNESTO SILVA MENDEZ,2015,13
954,23,UDI,CHILE VAMOS,1,ERNESTO SILVA MENDEZ,2016,13
867,23,RN,CHILE VAMOS,1,CRISTIAN MONCKEBERG BRUNER,2016,13
954,23,UDI,CHILE VAMOS,1,ERNESTO SILVA MENDEZ,2017,13
867,23,RN,CHILE VAMOS,1,CRISTIAN MONCKEBERG BRUNER,2017,13
843,23,RN,CHILE VAMOS,1,RENE MANUEL GARCIA GARCIA,2018,9
1020,23,PPD,NUEVA MAYORIA,0,RICARDO CELIS ARAYA,2018,9
950,23,IND,SIN PACTO,0,RENE SAFFIRIO ESPINOZA,2018,9
1050,23,RN,CHILE VAMOS,1,MIGUEL MELLADO SUAZO,2018,9
1052,23,EVOPOLI,CHILE VAMOS,1,ANDRES MOLINA MAGOFKE,2018,9
1010,23,EVOPOLI,CHILE VAMOS,1,SEBASTIAN ALVAREZ RAMIREZ,2018,9
866,23,PRSD,NUEVA MAYORIA,0,FERNANDO MEZA MONCADA,2018,9
1020,23,PPD,NUEVA MAYORIA,0,RICARDO CELIS ARAYA,2019,9
1052,23,EVOPOLI,CHILE VAMOS,1,ANDRES MOLINA MAGOFKE,2019,9
950,23,IND,SIN PACTO,0,RENE SAFFIRIO ESPINOZA,2019,9
1010,23,EVOPOLI,CHILE VAMOS,1,SEBASTIAN ALVAREZ RAMIREZ,2019,9
1050,23,RN,CHILE VAMOS,1,MIGUEL MELLADO SUAZO,2019,9
843,23,RN,CHILE VAMOS,1,RENE MANUEL GARCIA GARCIA,2019,9
866,23,PRSD,NUEVA MAYORIA,0,FERNANDO MEZA MONCADA,2019,9
866,23,PRSD,NUEVA MAYORIA,0,FERNANDO MEZA MONCADA,2020,9
1052,23,EVOPOLI,CHILE VAMOS,1,ANDRES MOLINA MAGOFKE,2020,9
1020,23,PPD,NUEVA MAYORIA,0,RICARDO CELIS ARAYA,2020,9
1050,23,RN,CHILE VAMOS,1,MIGUEL MELLADO SUAZO,2020,9
1010,23,EVOPOLI,CHILE VAMOS,1,SEBASTIAN ALVAREZ RAMIREZ,2020,9
950,23,IND,SIN PACTO,0,RENE SAFFIRIO ESPINOZA,2020,9
843,23,RN,CHILE VAMOS,1,RENE MANUEL GARCIA GARCIA,2020,9
1010,23,EVOPOLI,CHILE VAMOS,1,SEBASTIAN ALVAREZ RAMIREZ,2021,9
1050,23,RN,CHILE VAMOS,1,MIGUEL MELLADO SUAZO,2021,9
843,23,RN,CHILE VAMOS,1,RENE MANUEL GARCIA GARCIA,2021,9
950,23,IND,SIN PACTO,0,RENE SAFFIRIO ESPINOZA,2021,9
1052,23,EVOPOLI,CHILE VAMOS,1,ANDRES MOLINA MAGOFKE,2021,9
866,23,PRSD,NUEVA MAYORIA,0,FERNANDO MEZA MONCADA,2021,9
1020,23,PPD,NUEVA MAYORIA,0,RICARDO CELIS ARAYA,2021,9
1154,23,IND,SIN PACTO,1,Mauricio Ojeda Rebolledo,2022,9
1172,23,IND,FRENTE SOCIAL CRISTIANO,1,Stephan Schubert Rubio,2022,9
1134,23,AMARILLOS,AMARILLOS,777,Andrés Jouannet Valderrama,2022,9
1153,23,RD,FRENTE AMPLIO,0,Ericka Ñanco Vásquez,2022,9
1106,23,RN,CHILE VAMOS,1,Miguel Ángel Becker Alvear,2022,9
1138,23,UDI,CHILE VAMOS,1,Henry Leal Bizama,2022,9
1050,23,RN,CHILE VAMOS,1,Miguel Mellado Suazo,2022,9
1050,23,RN,CHILE VAMOS,1,Miguel Mellado Suazo,2023,9
1154,23,IND,SIN PACTO,1,Mauricio Ojeda Rebolledo,2023,9
1153,23,RD,FRENTE AMPLIO,0,Ericka Ñanco Vásquez,2023,9
1134,23,AMARILLOS,AMARILLOS,777,Andrés Jouannet Valderrama,2023,9
1172,23,IND,FRENTE SOCIAL CRISTIANO,1,Stephan Schubert Rubio,2023,9
1106,23,RN,CHILE VAMOS,1,Miguel Ángel Becker Alvear,2023,9
1138,23,UDI,CHILE VAMOS,1,Henry Leal Bizama,2023,9
1172,23,IND,FRENTE SOCIAL CRISTIANO,1,Stephan Schubert Rubio,2024,9
1154,23,IND,SIN PACTO,1,Mauricio Ojeda Rebolledo,2024,9
1106,23,RN,CHILE VAMOS,1,Miguel Ángel Becker Alvear,2024,9
1138,23,UDI,CHILE VAMOS,1,Henry Leal Bizama,2024,9
1153,23,RD,FRENTE AMPLIO,0,Ericka Ñanco Vásquez,2024,9
1134,23,AMARILLOS,AMARILLOS,777,Andrés Jouannet Valderrama,2024,9
1050,23,RN,CHILE VAMOS,1,Miguel Mellado Suazo,2024,9
857,24,UDI,CHILE VAMOS,1,JOSE ANTONIO KAST RIST,2014,13
996,24,PDC,NUEVA MAYORIA,0,JAIME HERNAN PILOWSKY GREENE,2014,13
857,24,UDI,CHILE VAMOS,1,JOSE ANTONIO KAST RIST,2015,13
996,24,PDC,NUEVA MAYORIA,0,JAIME HERNAN PILOWSKY GREENE,2015,13
857,24,UDI,CHILE VAMOS,1,JOSE ANTONIO KAST RIST,2016,13
996,24,PDC,NUEVA MAYORIA,0,JAIME HERNAN PILOWSKY GREENE,2016,13
857,24,UDI,CHILE VAMOS,1,JOSE ANTONIO KAST RIST,2017,13
996,24,PDC,NUEVA MAYORIA,0,JAIME HERNAN PILOWSKY GREENE,2017,13
982,24,PDC,PDC,0,IVAN ALBERTO FLORES GARCIA,2018,14
971,24,RN,CHILE VAMOS,1,BERNARDO BERGER FETT,2018,14
917,24,UDI,CHILE VAMOS,1,GASTON VON MUHLENBROCK ZAMORA,2018,14
1038,24,PS,NUEVA MAYORIA,0,MARCOS ILABACA CERDA,2018,14
1070,24,PS,NUEVA MAYORIA,0,PATRICIO ROSAS BARRIENTOS,2018,14
971,24,RN,CHILE VAMOS,1,BERNARDO BERGER FETT,2019,14
1038,24,PS,NUEVA MAYORIA,0,MARCOS ILABACA CERDA,2019,14
917,24,UDI,CHILE VAMOS,1,GASTON VON MUHLENBROCK ZAMORA,2019,14
1070,24,PS,NUEVA MAYORIA,0,PATRICIO ROSAS BARRIENTOS,2019,14
982,24,PDC,PDC,0,IVAN ALBERTO FLORES GARCIA,2019,14
971,24,RN,CHILE VAMOS,1,BERNARDO BERGER FETT,2020,14
1038,24,PS,NUEVA MAYORIA,0,MARCOS ILABACA CERDA,2020,14
982,24,PDC,PDC,0,IVAN ALBERTO FLORES GARCIA,2020,14
917,24,UDI,CHILE VAMOS,1,GASTON VON MUHLENBROCK ZAMORA,2020,14
1070,24,PS,NUEVA MAYORIA,0,PATRICIO ROSAS BARRIENTOS,2020,14
1070,24,PS,NUEVA MAYORIA,0,PATRICIO ROSAS BARRIENTOS,2021,14
971,24,RN,CHILE VAMOS,1,BERNARDO BERGER FETT,2021,14
917,24,UDI,CHILE VAMOS,1,GASTON VON MUHLENBROCK ZAMORA,2021,14
1038,24,PS,NUEVA MAYORIA,0,MARCOS ILABACA CERDA,2021,14
982,24,PDC,PDC,0,IVAN ALBERTO FLORES GARCIA,2021,14
1112,24,PS,NUEVA MAYORIA,0,Ana María Bravo Castro,2022,14
971,24,IND,CHILE VAMOS,1,Bernardo Berger Fett,2022,14
1038,24,PS,NUEVA MAYORIA,0,Marcos Ilabaca Cerda,2022,14
1070,24,IND,FRENTE AMPLIO,0,Patricio Rosas Barrientos,2022,14
917,24,UDI,CHILE VAMOS,1,Gastón Von Mühlenbrock Zamora,2022,14
1038,24,PS,NUEVA MAYORIA,0,Marcos Ilabaca Cerda,2023,14
971,24,IND,CHILE VAMOS,1,Bernardo Berger Fett,2023,14
1112,24,PS,NUEVA MAYORIA,0,Ana María Bravo Castro,2023,14
917,24,UDI,CHILE VAMOS,1,Gastón Von Mühlenbrock Zamora,2023,14
1070,24,IND,FRENTE AMPLIO,0,Patricio Rosas Barrientos,2023,14
917,24,UDI,CHILE VAMOS,1,Gastón Von Mühlenbrock Zamora,2024,14
1070,24,IND,FRENTE AMPLIO,0,Patricio Rosas Barrientos,2024,14
1112,24,PS,NUEVA MAYORIA,0,Ana María Bravo Castro,2024,14
1038,24,PS,NUEVA MAYORIA,0,Marcos Ilabaca Cerda,2024,14
971,24,IND,CHILE VAMOS,1,Bernardo Berger Fett,2024,14
969,25,PDC,NUEVA MAYORIA,0,CLAUDIO EUGENIO ARRIAGADA MACAYA,2014,13
839,25,PPD,NUEVA MAYORIA,0,RAMON ALBERTO FARIAS PONCE,2014,13
839,25,PPD,NUEVA MAYORIA,0,RAMON ALBERTO FARIAS PONCE,2015,13
969,25,PDC,NUEVA MAYORIA,0,CLAUDIO EUGENIO ARRIAGADA MACAYA,2015,13
839,25,PPD,NUEVA MAYORIA,0,RAMON ALBERTO FARIAS PONCE,2016,13
969,25,PDC,NUEVA MAYORIA,0,CLAUDIO EUGENIO ARRIAGADA MACAYA,2016,13
839,25,PPD,NUEVA MAYORIA,0,RAMON ALBERTO FARIAS PONCE,2017,13
969,25,PDC,NUEVA MAYORIA,0,CLAUDIO EUGENIO ARRIAGADA MACAYA,2017,13
1056,25,PS,NUEVA MAYORIA,0,EMILIA IRIS NUYADO ANCAPICHUN,2018,10
850,25,UDI,CHILE VAMOS,1,JAVIER HERNANDEZ HERNANDEZ,2018,10
837,25,PS,NUEVA MAYORIA,0,FIDEL ESPINOZA SANDOVAL,2018,10
1040,25,RN,CHILE VAMOS,1,HARRY JURGENSEN RUNDSHAGEN,2018,10
837,25,PS,NUEVA MAYORIA,0,FIDEL ESPINOZA SANDOVAL,2019,10
850,25,UDI,CHILE VAMOS,1,JAVIER HERNANDEZ HERNANDEZ,2019,10
1056,25,PS,NUEVA MAYORIA,0,EMILIA IRIS NUYADO ANCAPICHUN,2019,10
1040,25,RN,CHILE VAMOS,1,HARRY JURGENSEN RUNDSHAGEN,2019,10
1056,25,PS,NUEVA MAYORIA,0,EMILIA IRIS NUYADO ANCAPICHUN,2020,10
837,25,PS,NUEVA MAYORIA,0,FIDEL ESPINOZA SANDOVAL,2020,10
1040,25,RN,CHILE VAMOS,1,HARRY JURGENSEN RUNDSHAGEN,2020,10
850,25,UDI,CHILE VAMOS,1,JAVIER HERNANDEZ HERNANDEZ,2020,10
1056,25,PS,NUEVA MAYORIA,0,EMILIA IRIS NUYADO ANCAPICHUN,2021,10
837,25,PS,NUEVA MAYORIA,0,FIDEL ESPINOZA SANDOVAL,2021,10
850,25,UDI,CHILE VAMOS,1,JAVIER HERNANDEZ HERNANDEZ,2021,10
1040,25,RN,CHILE VAMOS,1,HARRY JURGENSEN RUNDSHAGEN,2021,10
1056,25,PS,NUEVA MAYORIA,0,Emilia Nuyado Ancapichún,2022,10
1040,25,IND,FRENTE SOCIAL CRISTIANO,1,Harry Jürgensen Rundshagen,2022,10
1140,25,UDI,CHILE VAMOS,1,Daniel Lilayu Vivanco,2022,10
1105,25,PDC,PDC,0,Héctor Barría Angulo,2022,10
1040,25,IND,FRENTE SOCIAL CRISTIANO,1,Harry Jürgensen Rundshagen,2023,10
1105,25,PDC,PDC,0,Héctor Barría Angulo,2023,10
1056,25,PS,NUEVA MAYORIA,0,Emilia Nuyado Ancapichún,2023,10
1140,25,UDI,CHILE VAMOS,1,Daniel Lilayu Vivanco,2023,10
1105,25,PDC,PDC,0,Héctor Barría Angulo,2024,10
1056,25,PS,NUEVA MAYORIA,0,Emilia Nuyado Ancapichún,2024,10
1140,25,UDI,CHILE VAMOS,1,Daniel Lilayu Vivanco,2024,10
1040,25,IND,FRENTE SOCIAL CRISTIANO,1,Harry Jürgensen Rundshagen,2024,10
939,26,UDI,CHILE VAMOS,1,GUSTAVO ADOLFO HASBUN SELUME,2014,13
1006,26,PC,NUEVA MAYORIA,0,CAMILA ANTONIA VALLEJO DOWLING,2014,13
1006,26,PC,NUEVA MAYORIA,0,CAMILA ANTONIA VALLEJO DOWLING,2015,13
939,26,UDI,CHILE VAMOS,1,GUSTAVO ADOLFO HASBUN SELUME,2015,13
939,26,UDI,CHILE VAMOS,1,GUSTAVO ADOLFO HASBUN SELUME,2016,13
1006,26,PC,NUEVA MAYORIA,0,CAMILA ANTONIA VALLEJO DOWLING,2016,13
939,26,UDI,CHILE VAMOS,1,GUSTAVO ADOLFO HASBUN SELUME,2017,13
1006,26,PC,NUEVA MAYORIA,0,CAMILA ANTONIA VALLEJO DOWLING,2017,13
952,26,RN,CHILE VAMOS,1,ALEJANDRO SANTANA TIRACHINI,2018,10
1013,26,PL,PL,0,ALEJANDRO JAVIER BERNALES MALDONADO,2018,10
172,26,RN,CHILE VAMOS,1,CARLOS IGNACIO KUSCHEL SILVA,2018,10
968,26,PS,NUEVA MAYORIA,0,JENNY ALVAREZ VERA,2018,10
810,26,PDC,PDC,0,GABRIEL HECTOR ASCENCIO MANSILLA,2018,10
968,26,PS,NUEVA MAYORIA,0,JENNY ALVAREZ VERA,2019,10
952,26,RN,CHILE VAMOS,1,ALEJANDRO SANTANA TIRACHINI,2019,10
810,26,PDC,PDC,0,GABRIEL HECTOR ASCENCIO MANSILLA,2019,10
1013,26,PL,PL,0,ALEJANDRO JAVIER BERNALES MALDONADO,2019,10
172,26,RN,CHILE VAMOS,1,CARLOS IGNACIO KUSCHEL SILVA,2019,10
1013,26,PL,PL,0,ALEJANDRO JAVIER BERNALES MALDONADO,2020,10
810,26,PDC,PDC,0,GABRIEL HECTOR ASCENCIO MANSILLA,2020,10
968,26,PS,NUEVA MAYORIA,0,JENNY ALVAREZ VERA,2020,10
172,26,RN,CHILE VAMOS,1,CARLOS IGNACIO KUSCHEL SILVA,2020,10
952,26,RN,CHILE VAMOS,1,ALEJANDRO SANTANA TIRACHINI,2020,10
810,26,PDC,PDC,0,GABRIEL HECTOR ASCENCIO MANSILLA,2021,10
968,26,PS,NUEVA MAYORIA,0,JENNY ALVAREZ VERA,2021,10
1013,26,PL,PL,0,ALEJANDRO JAVIER BERNALES MALDONADO,2021,10
952,26,RN,CHILE VAMOS,1,ALEJANDRO SANTANA TIRACHINI,2021,10
172,26,RN,CHILE VAMOS,1,CARLOS IGNACIO KUSCHEL SILVA,2021,10
1111,26,UDI,CHILE VAMOS,1,Fernando Bórquez Montecinos,2022,10
1178,26,IND,NUEVA MAYORIA,0,Héctor Ulloa Aguilera,2022,10
1013,26,PL,PL,0,Alejandro Bernales Maldonado,2022,10
1167,26,RD,FRENTE AMPLIO,0,Jaime Sáez Quiroz,2022,10
1131,26,RN,CHILE VAMOS,1,Mauro González Villarroel,2022,10
1167,26,RD,FRENTE AMPLIO,0,Jaime Sáez Quiroz,2023,10
1013,26,PL,PL,0,Alejandro Bernales Maldonado,2023,10
1111,26,UDI,CHILE VAMOS,1,Fernando Bórquez Montecinos,2023,10
1178,26,IND,NUEVA MAYORIA,0,Héctor Ulloa Aguilera,2023,10
1131,26,RN,CHILE VAMOS,1,Mauro González Villarroel,2023,10
1013,26,PL,PL,0,Alejandro Bernales Maldonado,2024,10
1111,26,UDI,CHILE VAMOS,1,Fernando Bórquez Montecinos,2024,10
1167,26,RD,FRENTE AMPLIO,0,Jaime Sáez Quiroz,2024,10
1131,26,RN,CHILE VAMOS,1,Mauro González Villarroel,2024,10
1178,26,IND,NUEVA MAYORIA,0,Héctor Ulloa Aguilera,2024,10
856,27,PPD,NUEVA MAYORIA,0,TUCAPEL FRANCISCO JIMENEZ FUENTES,2014,13
990,27,PS,NUEVA MAYORIA,0,DANIEL ALEXANDER MELO CONTRERAS,2014,13
990,27,PS,NUEVA MAYORIA,0,DANIEL ALEXANDER MELO CONTRERAS,2015,13
856,27,PPD,NUEVA MAYORIA,0,TUCAPEL FRANCISCO JIMENEZ FUENTES,2015,13
856,27,PPD,NUEVA MAYORIA,0,TUCAPEL FRANCISCO JIMENEZ FUENTES,2016,13
990,27,PS,NUEVA MAYORIA,0,DANIEL ALEXANDER MELO CONTRERAS,2016,13
990,27,PS,NUEVA MAYORIA,0,DANIEL ALEXANDER MELO CONTRERAS,2017,13
856,27,PPD,NUEVA MAYORIA,0,TUCAPEL FRANCISCO JIMENEZ FUENTES,2017,13
1045,27,RN,CHILE VAMOS,1,ARACELY LEUQUEN URIBE,2018,11
1016,27,PDC,PDC,0,MIGUEL ANGEL CALISTO AGUILA,2018,11
803,27,PPD,NUEVA MAYORIA,0,RENE OSVALDO ALINCO BUSTOS,2018,11
1045,27,RN,CHILE VAMOS,1,ARACELY LEUQUEN URIBE,2019,11
1016,27,PDC,PDC,0,MIGUEL ANGEL CALISTO AGUILA,2019,11
803,27,PPD,NUEVA MAYORIA,0,RENE OSVALDO ALINCO BUSTOS,2019,11
1045,27,RN,CHILE VAMOS,1,ARACELY LEUQUEN URIBE,2020,11
803,27,PPD,NUEVA MAYORIA,0,RENE OSVALDO ALINCO BUSTOS,2020,11
1016,27,PDC,PDC,0,MIGUEL ANGEL CALISTO AGUILA,2020,11
803,27,PPD,NUEVA MAYORIA,0,RENE OSVALDO ALINCO BUSTOS,2021,11
1016,27,PDC,PDC,0,MIGUEL ANGEL CALISTO AGUILA,2021,11
1045,27,RN,CHILE VAMOS,1,ARACELY LEUQUEN URIBE,2021,11
1163,27,RN,CHILE VAMOS,1,Marcia Raphael Mora,2022,11
1016,27,IND,SIN PACTO,777,Miguel Ángel Calisto Águila,2022,11
803,27,IND,SIN PACTO,777,René Alinco Bustos,2022,11
1163,27,RN,CHILE VAMOS,1,Marcia Raphael Mora,2023,11
1016,27,IND,SIN PACTO,777,Miguel Ángel Calisto Águila,2023,11
803,27,IND,SIN PACTO,777,René Alinco Bustos,2023,11
803,27,IND,SIN PACTO,777,René Alinco Bustos,2024,11
1163,27,RN,CHILE VAMOS,1,Marcia Raphael Mora,2024,11
1016,27,IND,SIN PACTO,777,Miguel Ángel Calisto Águila,2024,11
956,28,PC,NUEVA MAYORIA,0,GUILLERMO LEON TEILLIER DEL VALLE,2014,13
927,28,RN,CHILE VAMOS,1,PEDRO PABLO BROWNE URREJOLA,2014,13
956,28,PC,NUEVA MAYORIA,0,GUILLERMO LEON TEILLIER DEL VALLE,2015,13
927,28,RN,CHILE VAMOS,1,PEDRO PABLO BROWNE URREJOLA,2015,13
927,28,RN,CHILE VAMOS,1,PEDRO PABLO BROWNE URREJOLA,2016,13
956,28,PC,NUEVA MAYORIA,0,GUILLERMO LEON TEILLIER DEL VALLE,2016,13
927,28,RN,CHILE VAMOS,1,PEDRO PABLO BROWNE URREJOLA,2017,13
956,28,PC,NUEVA MAYORIA,0,GUILLERMO LEON TEILLIER DEL VALLE,2017,13
1011,28,UDI,CHILE VAMOS,1,SANDRA AMAR MANCILLA,2018,12
972,28,PH,PH,0,GABRIEL BORIC FONT,2018,12
1014,28,PRSD,NUEVA MAYORIA,0,KARIM ANTONIO BIANCHI RETAMALES,2018,12
1011,28,UDI,CHILE VAMOS,1,SANDRA AMAR MANCILLA,2019,12
1014,28,PRSD,NUEVA MAYORIA,0,KARIM ANTONIO BIANCHI RETAMALES,2019,12
972,28,PH,PH,0,GABRIEL BORIC FONT,2019,12
1014,28,PRSD,NUEVA MAYORIA,0,KARIM ANTONIO BIANCHI RETAMALES,2020,12
972,28,PH,PH,0,GABRIEL BORIC FONT,2020,12
1011,28,UDI,CHILE VAMOS,1,SANDRA AMAR MANCILLA,2020,12
1014,28,PRSD,NUEVA MAYORIA,0,KARIM ANTONIO BIANCHI RETAMALES,2021,12
972,28,PH,PH,0,GABRIEL BORIC FONT,2021,12
1011,28,UDI,CHILE VAMOS,1,SANDRA AMAR MANCILLA,2021,12
1144,28,IND,CHILE VAMOS,1,Christian Matheson Villán,2022,12
1148,28,CS,FRENTE AMPLIO,0,Javiera Morales Alvarado,2022,12
1110,28,IND,NUEVA MAYORIA,0,Carlos Bianchi Chelech,2022,12
1144,28,IND,CHILE VAMOS,1,Christian Matheson Villán,2023,12
1148,28,CS,FRENTE AMPLIO,0,Javiera Morales Alvarado,2023,12
1110,28,IND,NUEVA MAYORIA,0,Carlos Bianchi Chelech,2023,12
1110,28,IND,NUEVA MAYORIA,0,Carlos Bianchi Chelech,2024,12
1148,28,CS,FRENTE AMPLIO,0,Javiera Morales Alvarado,2024,12
1144,28,IND,CHILE VAMOS,1,Christian Matheson Villán,2024,12
946,29,RN,CHILE VAMOS,1,LEOPOLDO ALFREDO PEREZ LAHSEN,2014,13
924,29,PS,NUEVA MAYORIA,0,OSVALDO RAUL ANDRADE LARA,2014,13
924,29,PS,NUEVA MAYORIA,0,OSVALDO RAUL ANDRADE LARA,2015,13
946,29,RN,CHILE VAMOS,1,LEOPOLDO ALFREDO PEREZ LAHSEN,2015,13
924,29,PS,NUEVA MAYORIA,0,OSVALDO RAUL ANDRADE LARA,2016,13
946,29,RN,CHILE VAMOS,1,LEOPOLDO ALFREDO PEREZ LAHSEN,2016,13
924,29,PS,NUEVA MAYORIA,0,OSVALDO RAUL ANDRADE LARA,2017,13
946,29,RN,CHILE VAMOS,1,LEOPOLDO ALFREDO PEREZ LAHSEN,2017,13
1002,30,PS,NUEVA MAYORIA,0,LEONARDO ENRIQUE SOTO FERRADA,2014,13
970,30,UDI,CHILE VAMOS,1,JAIME ANDRES BELLOLIO AVARIA,2014,13
1002,30,PS,NUEVA MAYORIA,0,LEONARDO ENRIQUE SOTO FERRADA,2015,13
970,30,UDI,CHILE VAMOS,1,JAIME ANDRES BELLOLIO AVARIA,2015,13
970,30,UDI,CHILE VAMOS,1,JAIME ANDRES BELLOLIO AVARIA,2016,13
1002,30,PS,NUEVA MAYORIA,0,LEONARDO ENRIQUE SOTO FERRADA,2016,13
1002,30,PS,NUEVA MAYORIA,0,LEONARDO ENRIQUE SOTO FERRADA,2017,13
970,30,UDI,CHILE VAMOS,1,JAIME ANDRES BELLOLIO AVARIA,2017,13
976,31,UDI,CHILE VAMOS,1,JUAN ANTONIO COLOMA ALAMOS,2014,13
883,31,PS,NUEVA MAYORIA,0,DENISE SIMONE PASCAL ALLENDE,2014,13
976,31,UDI,CHILE VAMOS,1,JUAN ANTONIO COLOMA ALAMOS,2015,13
883,31,PS,NUEVA MAYORIA,0,DENISE SIMONE PASCAL ALLENDE,2015,13
883,31,PS,NUEVA MAYORIA,0,DENISE SIMONE PASCAL ALLENDE,2016,13
976,31,UDI,CHILE VAMOS,1,JUAN ANTONIO COLOMA ALAMOS,2016,13
883,31,PS,NUEVA MAYORIA,0,DENISE SIMONE PASCAL ALLENDE,2017,13
976,31,UDI,CHILE VAMOS,1,JUAN ANTONIO COLOMA ALAMOS,2017,13
931,32,PS,NUEVA MAYORIA,0,JUAN LUIS CASTRO GONZALEZ,2014,6
967,32,UDI,CHILE VAMOS,1,ISSA FARID KORT GARRIGA,2014,6
931,32,PS,NUEVA MAYORIA,0,JUAN LUIS CASTRO GONZALEZ,2015,6
967,32,UDI,CHILE VAMOS,1,ISSA FARID KORT GARRIGA,2015,6
931,32,PS,NUEVA MAYORIA,0,JUAN LUIS CASTRO GONZALEZ,2016,6
967,32,UDI,CHILE VAMOS,1,ISSA FARID KORT GARRIGA,2016,6
931,32,PS,NUEVA MAYORIA,0,JUAN LUIS CASTRO GONZALEZ,2017,6
967,32,UDI,CHILE VAMOS,1,ISSA FARID KORT GARRIGA,2017,6
947,33,PDC,NUEVA MAYORIA,0,RICARDO ENRIQUE RINCON GONZALEZ,2014,6
177,33,PPD,NUEVA MAYORIA,0,FELIPE RUDECINDO LETELIER NORAMBUENA,2014,6
947,33,PDC,NUEVA MAYORIA,0,RICARDO ENRIQUE RINCON GONZALEZ,2015,6
177,33,PPD,NUEVA MAYORIA,0,FELIPE RUDECINDO LETELIER NORAMBUENA,2015,6
177,33,PPD,NUEVA MAYORIA,0,FELIPE RUDECINDO LETELIER NORAMBUENA,2016,6
947,33,PDC,NUEVA MAYORIA,0,RICARDO ENRIQUE RINCON GONZALEZ,2016,6
947,33,PDC,NUEVA MAYORIA,0,RICARDO ENRIQUE RINCON GONZALEZ,2017,6
177,33,PPD,NUEVA MAYORIA,0,FELIPE RUDECINDO LETELIER NORAMBUENA,2017,6
897,34,IND,SIN PACTO,0,ALEJANDRA AMALIA SEPULVEDA ORBENES,2014,6
942,34,UDI,CHILE VAMOS,1,JAVIER IGNACIO MACAYA DANUS,2014,6
942,34,UDI,CHILE VAMOS,1,JAVIER IGNACIO MACAYA DANUS,2015,6
897,34,IND,SIN PACTO,0,ALEJANDRA AMALIA SEPULVEDA ORBENES,2015,6
897,34,IND,SIN PACTO,0,ALEJANDRA AMALIA SEPULVEDA ORBENES,2016,6
942,34,UDI,CHILE VAMOS,1,JAVIER IGNACIO MACAYA DANUS,2016,6
942,34,UDI,CHILE VAMOS,1,JAVIER IGNACIO MACAYA DANUS,2017,6
897,34,IND,SIN PACTO,0,ALEJANDRA AMALIA SEPULVEDA ORBENES,2017,6
811,35,UDI,CHILE VAMOS,1,RAMON JOSE BARROS MONTERO,2014,6
979,35,PDC,NUEVA MAYORIA,0,SERGIO ESPEJO YAKSIC,2014,6
979,35,PDC,NUEVA MAYORIA,0,SERGIO ESPEJO YAKSIC,2015,6
811,35,UDI,CHILE VAMOS,1,RAMON JOSE BARROS MONTERO,2015,6
811,35,UDI,CHILE VAMOS,1,RAMON JOSE BARROS MONTERO,2016,6
979,35,PDC,NUEVA MAYORIA,0,SERGIO ESPEJO YAKSIC,2016,6
811,35,UDI,CHILE VAMOS,1,RAMON JOSE BARROS MONTERO,2017,6
979,35,PDC,NUEVA MAYORIA,0,SERGIO ESPEJO YAKSIC,2017,6
860,36,PDC,NUEVA MAYORIA,0,ROBERTO EDUARDO LEON RAMIREZ,2014,7
945,36,UDI,CHILE VAMOS,1,CELSO RENE MORALES MUÑOZ,2014,7
860,36,PDC,NUEVA MAYORIA,0,ROBERTO EDUARDO LEON RAMIREZ,2015,7
945,36,UDI,CHILE VAMOS,1,CELSO RENE MORALES MUÑOZ,2015,7
945,36,UDI,CHILE VAMOS,1,CELSO RENE MORALES MUÑOZ,2016,7
860,36,PDC,NUEVA MAYORIA,0,ROBERTO EDUARDO LEON RAMIREZ,2016,7
945,36,UDI,CHILE VAMOS,1,CELSO RENE MORALES MUÑOZ,2017,7
860,36,PDC,NUEVA MAYORIA,0,ROBERTO EDUARDO LEON RAMIREZ,2017,7
802,37,INDEPENDIENTES LISTA C,NUEVA MAYORIA,0,SERGIO PATRICIO AGUILO MELO,2014,7
915,37,RN,CHILE VAMOS,1,JOSE GERMAN VERDUGO SOTO,2014,7
802,37,INDEPENDIENTES LISTA C,NUEVA MAYORIA,0,SERGIO PATRICIO AGUILO MELO,2015,7
915,37,RN,CHILE VAMOS,1,JOSE GERMAN VERDUGO SOTO,2015,7
802,37,INDEPENDIENTES LISTA C,NUEVA MAYORIA,0,SERGIO PATRICIO AGUILO MELO,2016,7
915,37,RN,CHILE VAMOS,1,JOSE GERMAN VERDUGO SOTO,2016,7
802,37,INDEPENDIENTES LISTA C,NUEVA MAYORIA,0,SERGIO PATRICIO AGUILO MELO,2017,7
915,37,RN,CHILE VAMOS,1,JOSE GERMAN VERDUGO SOTO,2017,7
862,38,PDC,NUEVA MAYORIA,0,PABLO LORENZINI BASSO,2014,7
923,38,UDI,CHILE VAMOS,1,PEDRO PABLO ALVAREZ-SALAMANCA RAMIREZ,2014,7
862,38,PDC,NUEVA MAYORIA,0,PABLO LORENZINI BASSO,2015,7
923,38,UDI,CHILE VAMOS,1,PEDRO PABLO ALVAREZ-SALAMANCA RAMIREZ,2015,7
862,38,PDC,NUEVA MAYORIA,0,PABLO LORENZINI BASSO,2016,7
923,38,UDI,CHILE VAMOS,1,PEDRO PABLO ALVAREZ-SALAMANCA RAMIREZ,2016,7
923,38,UDI,CHILE VAMOS,1,PEDRO PABLO ALVAREZ-SALAMANCA RAMIREZ,2017,7
862,38,PDC,NUEVA MAYORIA,0,PABLO LORENZINI BASSO,2017,7
902,39,PPD,NUEVA MAYORIA,0,JORGE CARLOS TARUD DACCARETT,2014,7
938,39,UDI,CHILE VAMOS,1,ROMILIO GUILLERMO GUTIERREZ PINO,2014,7
902,39,PPD,NUEVA MAYORIA,0,JORGE CARLOS TARUD DACCARETT,2015,7
938,39,UDI,CHILE VAMOS,1,ROMILIO GUILLERMO GUTIERREZ PINO,2015,7
938,39,UDI,CHILE VAMOS,1,ROMILIO GUILLERMO GUTIERREZ PINO,2016,7
902,39,PPD,NUEVA MAYORIA,0,JORGE CARLOS TARUD DACCARETT,2016,7
938,39,UDI,CHILE VAMOS,1,ROMILIO GUILLERMO GUTIERREZ PINO,2017,7
902,39,PPD,NUEVA MAYORIA,0,JORGE CARLOS TARUD DACCARETT,2017,7
819,40,PPD,NUEVA MAYORIA,0,GUILLERMO ARTURO CERONI FUENTES,2014,7
908,40,UDI,CHILE VAMOS,1,IGNACIO URRUTIA BONILLA,2014,7
908,40,UDI,CHILE VAMOS,1,IGNACIO URRUTIA BONILLA,2015,7
819,40,PPD,NUEVA MAYORIA,0,GUILLERMO ARTURO CERONI FUENTES,2015,7
819,40,PPD,NUEVA MAYORIA,0,GUILLERMO ARTURO CERONI FUENTES,2016,7
908,40,UDI,CHILE VAMOS,1,IGNACIO URRUTIA BONILLA,2016,7
819,40,PPD,NUEVA MAYORIA,0,GUILLERMO ARTURO CERONI FUENTES,2017,7
908,40,UDI,CHILE VAMOS,1,IGNACIO URRUTIA BONILLA,2017,7
863,41,RN,CHILE VAMOS,1,ROSAURO MARTINEZ LABBE,2014,16
855,41,PRSD,NUEVA MAYORIA,0,CARLOS ABEL JARPA WEVAR,2014,16
855,41,PRSD,NUEVA MAYORIA,0,CARLOS ABEL JARPA WEVAR,2015,16
863,41,RN,CHILE VAMOS,1,ROSAURO MARTINEZ LABBE,2015,16
863,41,RN,CHILE VAMOS,1,ROSAURO MARTINEZ LABBE,2016,16
855,41,PRSD,NUEVA MAYORIA,0,CARLOS ABEL JARPA WEVAR,2016,16
855,41,PRSD,NUEVA MAYORIA,0,CARLOS ABEL JARPA WEVAR,2017,16
863,41,RN,CHILE VAMOS,1,ROSAURO MARTINEZ LABBE,2017,16
974,42,PPD,NUEVA MAYORIA,0,MARIA LORETO CARVAJAL AMBIADO,2014,8
893,42,PDC,NUEVA MAYORIA,0,JORGE EDUARDO SABAG VILLALOBOS,2014,16
893,42,PDC,NUEVA MAYORIA,0,JORGE EDUARDO SABAG VILLALOBOS,2015,8
974,42,PPD,NUEVA MAYORIA,0,MARIA LORETO CARVAJAL AMBIADO,2015,16
974,42,PPD,NUEVA MAYORIA,0,MARIA LORETO CARVAJAL AMBIADO,2016,8
893,42,PDC,NUEVA MAYORIA,0,JORGE EDUARDO SABAG VILLALOBOS,2016,16
893,42,PDC,NUEVA MAYORIA,0,JORGE EDUARDO SABAG VILLALOBOS,2017,8
974,42,PPD,NUEVA MAYORIA,0,MARIA LORETO CARVAJAL AMBIADO,2017,16
929,43,PPD,NUEVA MAYORIA,0,CARLOS CRISTIAN CAMPOS JARA,2014,8
906,43,UDI,CHILE VAMOS,1,JORGE IVAN ULLOA AGUILLON,2014,8
906,43,UDI,CHILE VAMOS,1,JORGE IVAN ULLOA AGUILLON,2015,8
929,43,PPD,NUEVA MAYORIA,0,CARLOS CRISTIAN CAMPOS JARA,2015,8
929,43,PPD,NUEVA MAYORIA,0,CARLOS CRISTIAN CAMPOS JARA,2016,8
906,43,UDI,CHILE VAMOS,1,JORGE IVAN ULLOA AGUILLON,2016,8
929,43,PPD,NUEVA MAYORIA,0,CARLOS CRISTIAN CAMPOS JARA,2017,8
906,43,UDI,CHILE VAMOS,1,JORGE IVAN ULLOA AGUILLON,2017,8
879,44,PDC,NUEVA MAYORIA,0,JOSE MIGUEL ORTIZ NOVOA,2014,8
959,44,UDI,CHILE VAMOS,1,MAX ENRIQUE VAN RYSSELBERGHE HERRERA,2014,8
879,44,PDC,NUEVA MAYORIA,0,JOSE MIGUEL ORTIZ NOVOA,2015,8
959,44,UDI,CHILE VAMOS,1,MAX ENRIQUE VAN RYSSELBERGHE HERRERA,2015,8
959,44,UDI,CHILE VAMOS,1,MAX ENRIQUE VAN RYSSELBERGHE HERRERA,2016,8
879,44,PDC,NUEVA MAYORIA,0,JOSE MIGUEL ORTIZ NOVOA,2016,8
959,44,UDI,CHILE VAMOS,1,MAX ENRIQUE VAN RYSSELBERGHE HERRERA,2017,8
879,44,PDC,NUEVA MAYORIA,0,JOSE MIGUEL ORTIZ NOVOA,2017,8
977,45,PDC,NUEVA MAYORIA,0,MARCELO OMAR CHAVEZ VELASQUEZ,2014,8
880,45,PS,NUEVA MAYORIA,0,CLEMIRA HUGOLINA PACHECO RIVAS,2014,8
880,45,PS,NUEVA MAYORIA,0,CLEMIRA HUGOLINA PACHECO RIVAS,2015,8
977,45,PDC,NUEVA MAYORIA,0,MARCELO OMAR CHAVEZ VELASQUEZ,2015,8
977,45,PDC,NUEVA MAYORIA,0,MARCELO OMAR CHAVEZ VELASQUEZ,2016,8
880,45,PS,NUEVA MAYORIA,0,CLEMIRA HUGOLINA PACHECO RIVAS,2016,8
880,45,PS,NUEVA MAYORIA,0,CLEMIRA HUGOLINA PACHECO RIVAS,2017,8
977,45,PDC,NUEVA MAYORIA,0,MARCELO OMAR CHAVEZ VELASQUEZ,2017,8
869,46,PS,NUEVA MAYORIA,0,MANUEL ZACARIAS MONSALVE BENAVIDES,2014,8
875,46,UDI,CHILE VAMOS,1,IVAN ERNESTO NORAMBUENA FARIAS,2014,8
869,46,PS,NUEVA MAYORIA,0,MANUEL ZACARIAS MONSALVE BENAVIDES,2015,8
875,46,UDI,CHILE VAMOS,1,IVAN ERNESTO NORAMBUENA FARIAS,2015,8
869,46,PS,NUEVA MAYORIA,0,MANUEL ZACARIAS MONSALVE BENAVIDES,2016,8
875,46,UDI,CHILE VAMOS,1,IVAN ERNESTO NORAMBUENA FARIAS,2016,8
875,46,UDI,CHILE VAMOS,1,IVAN ERNESTO NORAMBUENA FARIAS,2017,8
869,46,PS,NUEVA MAYORIA,0,MANUEL ZACARIAS MONSALVE BENAVIDES,2017,8
997,47,INDEPENDIENTES LISTA C,NUEVA MAYORIA,0,ROBERTO FORTUNATO POBLETE ZAPATA,2014,8
885,47,PRSD,NUEVA MAYORIA,0,JOSE PEREZ ARRIAGADA,2014,8
885,47,PRSD,NUEVA MAYORIA,0,JOSE PEREZ ARRIAGADA,2015,8
997,47,INDEPENDIENTES LISTA C,NUEVA MAYORIA,0,ROBERTO FORTUNATO POBLETE ZAPATA,2015,8
997,47,INDEPENDIENTES LISTA C,NUEVA MAYORIA,0,ROBERTO FORTUNATO POBLETE ZAPATA,2016,8
885,47,PRSD,NUEVA MAYORIA,0,JOSE PEREZ ARRIAGADA,2016,8
885,47,PRSD,NUEVA MAYORIA,0,JOSE PEREZ ARRIAGADA,2017,8
997,47,INDEPENDIENTES LISTA C,NUEVA MAYORIA,0,ROBERTO FORTUNATO POBLETE ZAPATA,2017,8
913,48,PDC,NUEVA MAYORIA,0,MARIO ARTIDORO VENEGAS CARDENAS,2014,9
999,48,RN,CHILE VAMOS,1,JORGE EVALDO RATHGEB SCHIFFERLI,2014,9
999,48,RN,CHILE VAMOS,1,JORGE EVALDO RATHGEB SCHIFFERLI,2015,9
913,48,PDC,NUEVA MAYORIA,0,MARIO ARTIDORO VENEGAS CARDENAS,2015,9
913,48,PDC,NUEVA MAYORIA,0,MARIO ARTIDORO VENEGAS CARDENAS,2016,9
999,48,RN,CHILE VAMOS,1,JORGE EVALDO RATHGEB SCHIFFERLI,2016,9
999,48,RN,CHILE VAMOS,1,JORGE EVALDO RATHGEB SCHIFFERLI,2017,9
913,48,PDC,NUEVA MAYORIA,0,MARIO ARTIDORO VENEGAS CARDENAS,2017,9
934,49,PDC,NUEVA MAYORIA,0,FUAD EDUARDO CHAHIN VALENZUELA,2014,9
995,49,RN,CHILE VAMOS,1,DIEGO ALFREDO PAULSEN KEHR,2014,9
995,49,RN,CHILE VAMOS,1,DIEGO ALFREDO PAULSEN KEHR,2015,9
934,49,PDC,NUEVA MAYORIA,0,FUAD EDUARDO CHAHIN VALENZUELA,2015,9
995,49,RN,CHILE VAMOS,1,DIEGO ALFREDO PAULSEN KEHR,2016,9
934,49,PDC,NUEVA MAYORIA,0,FUAD EDUARDO CHAHIN VALENZUELA,2016,9
934,49,PDC,NUEVA MAYORIA,0,FUAD EDUARDO CHAHIN VALENZUELA,2017,9
995,49,RN,CHILE VAMOS,1,DIEGO ALFREDO PAULSEN KEHR,2017,9
950,50,PDC,NUEVA MAYORIA,0,RENE FERNANDO SAFFIRIO ESPINOZA,2014,9
813,50,RN,CHILE VAMOS,1,GERMAN ANTONIO BECKER ALVEAR,2014,9
950,50,PDC,NUEVA MAYORIA,0,RENE FERNANDO SAFFIRIO ESPINOZA,2015,9
813,50,RN,CHILE VAMOS,1,GERMAN ANTONIO BECKER ALVEAR,2015,9
950,50,PDC,NUEVA MAYORIA,0,RENE FERNANDO SAFFIRIO ESPINOZA,2016,9
813,50,RN,CHILE VAMOS,1,GERMAN ANTONIO BECKER ALVEAR,2016,9
950,50,PDC,NUEVA MAYORIA,0,RENE FERNANDO SAFFIRIO ESPINOZA,2017,9
813,50,RN,CHILE VAMOS,1,GERMAN ANTONIO BECKER ALVEAR,2017,9
958,51,PPD,NUEVA MAYORIA,0,JOAQUIN TUMA ZEDAN,2014,9
935,51,RN,CHILE VAMOS,1,JOSE MANUEL EDWARDS SILVA,2014,9
958,51,PPD,NUEVA MAYORIA,0,JOAQUIN TUMA ZEDAN,2015,9
935,51,RN,CHILE VAMOS,1,JOSE MANUEL EDWARDS SILVA,2015,9
935,51,RN,CHILE VAMOS,1,JOSE MANUEL EDWARDS SILVA,2016,9
958,51,PPD,NUEVA MAYORIA,0,JOAQUIN TUMA ZEDAN,2016,9
935,51,RN,CHILE VAMOS,1,JOSE MANUEL EDWARDS SILVA,2017,9
958,51,PPD,NUEVA MAYORIA,0,JOAQUIN TUMA ZEDAN,2017,9
866,52,PRSD,NUEVA MAYORIA,0,FERNANDO MEZA MONCADA,2014,9
843,52,RN,CHILE VAMOS,1,RENE MANUEL GARCIA GARCIA,2014,9
866,52,PRSD,NUEVA MAYORIA,0,FERNANDO MEZA MONCADA,2015,9
843,52,RN,CHILE VAMOS,1,RENE MANUEL GARCIA GARCIA,2015,9
866,52,PRSD,NUEVA MAYORIA,0,FERNANDO MEZA MONCADA,2016,9
843,52,RN,CHILE VAMOS,1,RENE MANUEL GARCIA GARCIA,2016,9
843,52,RN,CHILE VAMOS,1,RENE MANUEL GARCIA GARCIA,2017,9
866,52,PRSD,NUEVA MAYORIA,0,FERNANDO MEZA MONCADA,2017,9
971,53,RN,CHILE VAMOS,1,BERNARDO JOSE BERGER FETT,2014,14
982,53,PDC,NUEVA MAYORIA,0,IVAN ALBERTO FLORES GARCIA,2014,14
982,53,PDC,NUEVA MAYORIA,0,IVAN ALBERTO FLORES GARCIA,2015,14
971,53,RN,CHILE VAMOS,1,BERNARDO JOSE BERGER FETT,2015,14
982,53,PDC,NUEVA MAYORIA,0,IVAN ALBERTO FLORES GARCIA,2016,14
971,53,RN,CHILE VAMOS,1,BERNARDO JOSE BERGER FETT,2016,14
982,53,PDC,NUEVA MAYORIA,0,IVAN ALBERTO FLORES GARCIA,2017,14
971,53,RN,CHILE VAMOS,1,BERNARDO JOSE BERGER FETT,2017,14
854,54,PPD,NUEVA MAYORIA,0,RAMON ENRIQUE JARAMILLO BECKER,2014,14
984,54,RN,CHILE VAMOS,1,GONZALO GUILLERMO FUENZALIDA FIGUEROA,2014,14
984,54,RN,CHILE VAMOS,1,GONZALO GUILLERMO FUENZALIDA FIGUEROA,2015,14
854,54,PPD,NUEVA MAYORIA,0,RAMON ENRIQUE JARAMILLO BECKER,2015,14
984,54,RN,CHILE VAMOS,1,GONZALO GUILLERMO FUENZALIDA FIGUEROA,2016,14
854,54,PPD,NUEVA MAYORIA,0,RAMON ENRIQUE JARAMILLO BECKER,2016,14
854,54,PPD,NUEVA MAYORIA,0,RAMON ENRIQUE JARAMILLO BECKER,2017,14
984,54,RN,CHILE VAMOS,1,GONZALO GUILLERMO FUENZALIDA FIGUEROA,2017,14
877,55,PDC,NUEVA MAYORIA,0,SERGIO RODRIGO OJEDA URIBE,2014,10
850,55,UDI,CHILE VAMOS,1,JAVIER RICARDO HERNANDEZ HERNANDEZ,2014,10
877,55,PDC,NUEVA MAYORIA,0,SERGIO RODRIGO OJEDA URIBE,2015,10
850,55,UDI,CHILE VAMOS,1,JAVIER RICARDO HERNANDEZ HERNANDEZ,2015,10
877,55,PDC,NUEVA MAYORIA,0,SERGIO RODRIGO OJEDA URIBE,2016,10
850,55,UDI,CHILE VAMOS,1,JAVIER RICARDO HERNANDEZ HERNANDEZ,2016,10
850,55,UDI,CHILE VAMOS,1,JAVIER RICARDO HERNANDEZ HERNANDEZ,2017,10
877,55,PDC,NUEVA MAYORIA,0,SERGIO RODRIGO OJEDA URIBE,2017,10
978,56,UDI,CHILE VAMOS,1,FELIPE DE MUSSY HIRIART,2014,10
837,56,PS,NUEVA MAYORIA,0,FIDEL EDGARDO ESPINOZA SANDOVAL,2014,10
978,56,UDI,CHILE VAMOS,1,FELIPE DE MUSSY HIRIART,2015,10
837,56,PS,NUEVA MAYORIA,0,FIDEL EDGARDO ESPINOZA SANDOVAL,2015,10
978,56,UDI,CHILE VAMOS,1,FELIPE DE MUSSY HIRIART,2016,10
837,56,PS,NUEVA MAYORIA,0,FIDEL EDGARDO ESPINOZA SANDOVAL,2016,10
837,56,PS,NUEVA MAYORIA,0,FIDEL EDGARDO ESPINOZA SANDOVAL,2017,10
978,56,UDI,CHILE VAMOS,1,FELIPE DE MUSSY HIRIART,2017,10
911,57,PDC,NUEVA MAYORIA,0,PATRICIO IVAN VALLESPIN LOPEZ,2014,10
905,57,UDI,CHILE VAMOS,1,MARISOL TURRES FIGUEROA,2014,10
911,57,PDC,NUEVA MAYORIA,0,PATRICIO IVAN VALLESPIN LOPEZ,2015,10
905,57,UDI,CHILE VAMOS,1,MARISOL TURRES FIGUEROA,2015,10
911,57,PDC,NUEVA MAYORIA,0,PATRICIO IVAN VALLESPIN LOPEZ,2016,10
905,57,UDI,CHILE VAMOS,1,MARISOL TURRES FIGUEROA,2016,10
905,57,UDI,CHILE VAMOS,1,MARISOL TURRES FIGUEROA,2017,10
911,57,PDC,NUEVA MAYORIA,0,PATRICIO IVAN VALLESPIN LOPEZ,2017,10
968,58,PS,NUEVA MAYORIA,0,JENNY PAOLA ALVAREZ VERA,2014,10
952,58,RN,CHILE VAMOS,1,JUAN ALEJANDRO SANTANA TIRACHINI,2014,10
968,58,PS,NUEVA MAYORIA,0,JENNY PAOLA ALVAREZ VERA,2015,10
952,58,RN,CHILE VAMOS,1,JUAN ALEJANDRO SANTANA TIRACHINI,2015,10
952,58,RN,CHILE VAMOS,1,JUAN ALEJANDRO SANTANA TIRACHINI,2016,10
968,58,PS,NUEVA MAYORIA,0,JENNY PAOLA ALVAREZ VERA,2016,10
952,58,RN,CHILE VAMOS,1,JUAN ALEJANDRO SANTANA TIRACHINI,2017,10
968,58,PS,NUEVA MAYORIA,0,JENNY PAOLA ALVAREZ VERA,2017,10
951,59,UDI,CHILE VAMOS,1,DAVID SERGIO SANDOVAL PLAZA,2014,11
983,59,INDEPENDIENTES LISTA C,NUEVA MAYORIA,0,IVAN ALADINO FUENTES CASTILLO,2014,11
951,59,UDI,CHILE VAMOS,1,DAVID SERGIO SANDOVAL PLAZA,2015,11
983,59,INDEPENDIENTES LISTA C,NUEVA MAYORIA,0,IVAN ALADINO FUENTES CASTILLO,2015,11
983,59,INDEPENDIENTES LISTA C,NUEVA MAYORIA,0,IVAN ALADINO FUENTES CASTILLO,2016,11
951,59,UDI,CHILE VAMOS,1,DAVID SERGIO SANDOVAL PLAZA,2016,11
951,59,UDI,CHILE VAMOS,1,DAVID SERGIO SANDOVAL PLAZA,2017,11
983,59,INDEPENDIENTES LISTA C,NUEVA MAYORIA,0,IVAN ALADINO FUENTES CASTILLO,2017,11
972,60,IND,SIN PACTO,0,GABRIEL BORIC FONT,2014,12
992,60,PDC,NUEVA MAYORIA,0,JUAN ENRIQUE MORANO CORNEJO,2014,12
972,60,IND,SIN PACTO,0,GABRIEL BORIC FONT,2015,12
992,60,PDC,NUEVA MAYORIA,0,JUAN ENRIQUE MORANO CORNEJO,2015,12
972,60,IND,SIN PACTO,0,GABRIEL BORIC FONT,2016,12
992,60,PDC,NUEVA MAYORIA,0,JUAN ENRIQUE MORANO CORNEJO,2016,12
972,60,IND,SIN PACTO,0,GABRIEL BORIC FONT,2017,12
992,60,PDC,NUEVA MAYORIA,0,JUAN ENRIQUE MORANO CORNEJO,2017,12
