link,base_link,id_votacion,tema,region
https://www.camara.cl/legislacion/sala_sesiones/votacion_detalle.aspx?prmIdVotacion=42571,https://www.camara.cl/legislacion/sala_sesiones/votacion_detalle.aspx?prmIdVotacion=,42571,PENSIONES,0
https://www.camara.cl/legislacion/sala_sesiones/votacion_detalle.aspx?prmIdVotacion=42570,https://www.camara.cl/legislacion/sala_sesiones/votacion_detalle.aspx?prmIdVotacion=,42570,PENSIONES,0
https://www.camara.cl/legislacion/sala_sesiones/votacion_detalle.aspx?prmIdVotacion=42569,https://www.camara.cl/legislacion/sala_sesiones/votacion_detalle.aspx?prmIdVotacion=,42569,PENSIONES,0
https://www.camara.cl/legislacion/sala_sesiones/votacion_detalle.aspx?prmIdVotacion=36344,https://www.camara.cl/legislacion/sala_sesiones/votacion_detalle.aspx?prmIdVotacion=,36344,LEY GENERAL DE PESCA Y ACUICULTURA,1
https://www.camara.cl/legislacion/sala_sesiones/votacion_detalle.aspx?prmIdVotacion=36345,https://www.camara.cl/legislacion/sala_sesiones/votacion_detalle.aspx?prmIdVotacion=,36345,LEY GENERAL DE PESCA Y ACUICULTURA,1
https://www.camara.cl/legislacion/sala_sesiones/votacion_detalle.aspx?prmIdVotacion=33478,https://www.camara.cl/legislacion/sala_sesiones/votacion_detalle.aspx?prmIdVotacion=,33478,LEY GENERAL DE PESCA Y ACUICULTURA,1
https://www.camara.cl/legislacion/sala_sesiones/votacion_detalle.aspx?prmIdVotacion=32741,https://www.camara.cl/legislacion/sala_sesiones/votacion_detalle.aspx?prmIdVotacion=,32741,LEY GENERAL DE PESCA Y ACUICULTURA,1
https://www.camara.cl/legislacion/sala_sesiones/votacion_detalle.aspx?prmIdVotacion=37265,https://www.camara.cl/legislacion/sala_sesiones/votacion_detalle.aspx?prmIdVotacion=,37265,LEY GENERAL DE PESCA Y ACUICULTURA,1
https://www.camara.cl/legislacion/sala_sesiones/votacion_detalle.aspx?prmIdVotacion=34925,https://www.camara.cl/legislacion/sala_sesiones/votacion_detalle.aspx?prmIdVotacion=,34925,LEY GENERAL DE PESCA Y ACUICULTURA,1
https://www.camara.cl/legislacion/sala_sesiones/votacion_detalle.aspx?prmIdVotacion=34496,https://www.camara.cl/legislacion/sala_sesiones/votacion_detalle.aspx?prmIdVotacion=,34496,LEY GENERAL DE PESCA Y ACUICULTURA,1
https://www.camara.cl/legislacion/sala_sesiones/votacion_detalle.aspx?prmIdVotacion=40752,https://www.camara.cl/legislacion/sala_sesiones/votacion_detalle.aspx?prmIdVotacion=,40752,ROYALTY MINERO,1
https://www.camara.cl/legislacion/sala_sesiones/votacion_detalle.aspx?prmIdVotacion=40751,https://www.camara.cl/legislacion/sala_sesiones/votacion_detalle.aspx?prmIdVotacion=,40751,ROYALTY MINERO,1
https://www.camara.cl/legislacion/sala_sesiones/votacion_detalle.aspx?prmIdVotacion=40750,https://www.camara.cl/legislacion/sala_sesiones/votacion_detalle.aspx?prmIdVotacion=,40750,ROYALTY MINERO,1
https://www.camara.cl/legislacion/sala_sesiones/votacion_detalle.aspx?prmIdVotacion=40749,https://www.camara.cl/legislacion/sala_sesiones/votacion_detalle.aspx?prmIdVotacion=,40749,ROYALTY MINERO,1
https://www.camara.cl/legislacion/sala_sesiones/votacion_detalle.aspx?prmIdVotacion=36126,https://www.camara.cl/legislacion/sala_sesiones/votacion_detalle.aspx?prmIdVotacion=,36126,ROYALTY MINERO,1
https://www.camara.cl/legislacion/sala_sesiones/votacion_detalle.aspx?prmIdVotacion=36125,https://www.camara.cl/legislacion/sala_sesiones/votacion_detalle.aspx?prmIdVotacion=,36125,ROYALTY MINERO,1
https://www.camara.cl/legislacion/sala_sesiones/votacion_detalle.aspx?prmIdVotacion=36124,https://www.camara.cl/legislacion/sala_sesiones/votacion_detalle.aspx?prmIdVotacion=,36124,ROYALTY MINERO,1
https://www.camara.cl/legislacion/sala_sesiones/votacion_detalle.aspx?prmIdVotacion=36123,https://www.camara.cl/legislacion/sala_sesiones/votacion_detalle.aspx?prmIdVotacion=,36123,ROYALTY MINERO,1
https://www.camara.cl/legislacion/sala_sesiones/votacion_detalle.aspx?prmIdVotacion=36122,https://www.camara.cl/legislacion/sala_sesiones/votacion_detalle.aspx?prmIdVotacion=,36122,ROYALTY MINERO,1
https://www.camara.cl/legislacion/sala_sesiones/votacion_detalle.aspx?prmIdVotacion=36121,https://www.camara.cl/legislacion/sala_sesiones/votacion_detalle.aspx?prmIdVotacion=,36121,ROYALTY MINERO,1
https://www.camara.cl/legislacion/sala_sesiones/votacion_detalle.aspx?prmIdVotacion=36120,https://www.camara.cl/legislacion/sala_sesiones/votacion_detalle.aspx?prmIdVotacion=,36120,ROYALTY MINERO,1
https://www.camara.cl/legislacion/sala_sesiones/votacion_detalle.aspx?prmIdVotacion=36929,https://www.camara.cl/legislacion/sala_sesiones/votacion_detalle.aspx?prmIdVotacion=,36929,ACUICULTURA,1
https://www.camara.cl/legislacion/sala_sesiones/votacion_detalle.aspx?prmIdVotacion=36928,https://www.camara.cl/legislacion/sala_sesiones/votacion_detalle.aspx?prmIdVotacion=,36928,ACUICULTURA,1
https://www.camara.cl/legislacion/sala_sesiones/votacion_detalle.aspx?prmIdVotacion=32300,https://www.camara.cl/legislacion/sala_sesiones/votacion_detalle.aspx?prmIdVotacion=,32300,ACUICULTURA,1
https://www.camara.cl/legislacion/sala_sesiones/votacion_detalle.aspx?prmIdVotacion=32296,https://www.camara.cl/legislacion/sala_sesiones/votacion_detalle.aspx?prmIdVotacion=,32296,ACUICULTURA,1
https://www.camara.cl/legislacion/sala_sesiones/votacion_detalle.aspx?prmIdVotacion=32293,https://www.camara.cl/legislacion/sala_sesiones/votacion_detalle.aspx?prmIdVotacion=,32293,ACUICULTURA,1
https://www.camara.cl/legislacion/sala_sesiones/votacion_detalle.aspx?prmIdVotacion=38604,https://www.camara.cl/legislacion/sala_sesiones/votacion_detalle.aspx?prmIdVotacion=,38604,ACUICULTURA,1
https://www.camara.cl/legislacion/sala_sesiones/votacion_detalle.aspx?prmIdVotacion=38603,https://www.camara.cl/legislacion/sala_sesiones/votacion_detalle.aspx?prmIdVotacion=,38603,ACUICULTURA,1
https://www.camara.cl/legislacion/sala_sesiones/votacion_detalle.aspx?prmIdVotacion=38602,https://www.camara.cl/legislacion/sala_sesiones/votacion_detalle.aspx?prmIdVotacion=,38602,ACUICULTURA,1
https://www.camara.cl/legislacion/sala_sesiones/votacion_detalle.aspx?prmIdVotacion=31717,https://www.camara.cl/legislacion/sala_sesiones/votacion_detalle.aspx?prmIdVotacion=,31717,ACUICULTURA,1
https://www.camara.cl/legislacion/sala_sesiones/votacion_detalle.aspx?prmIdVotacion=31555,https://www.camara.cl/legislacion/sala_sesiones/votacion_detalle.aspx?prmIdVotacion=,31555,ACUICULTURA,1
https://www.camara.cl/legislacion/sala_sesiones/votacion_detalle.aspx?prmIdVotacion=29564,https://www.camara.cl/legislacion/sala_sesiones/votacion_detalle.aspx?prmIdVotacion=,29564,ACUICULTURA,1
https://www.camara.cl/legislacion/sala_sesiones/votacion_detalle.aspx?prmIdVotacion=29559,https://www.camara.cl/legislacion/sala_sesiones/votacion_detalle.aspx?prmIdVotacion=,29559,ACUICULTURA,1
https://www.camara.cl/legislacion/sala_sesiones/votacion_detalle.aspx?prmIdVotacion=37069,https://www.camara.cl/legislacion/sala_sesiones/votacion_detalle.aspx?prmIdVotacion=,37069,AREAS SILVESTRES,1
https://www.camara.cl/legislacion/sala_sesiones/votacion_detalle.aspx?prmIdVotacion=40239,https://www.camara.cl/legislacion/sala_sesiones/votacion_detalle.aspx?prmIdVotacion=,40239,AREAS SILVESTRES,1
https://www.camara.cl/legislacion/sala_sesiones/votacion_detalle.aspx?prmIdVotacion=40238,https://www.camara.cl/legislacion/sala_sesiones/votacion_detalle.aspx?prmIdVotacion=,40238,AREAS SILVESTRES,1
https://www.camara.cl/legislacion/sala_sesiones/votacion_detalle.aspx?prmIdVotacion=40237,https://www.camara.cl/legislacion/sala_sesiones/votacion_detalle.aspx?prmIdVotacion=,40237,AREAS SILVESTRES,1
https://www.camara.cl/legislacion/sala_sesiones/votacion_detalle.aspx?prmIdVotacion=23051,https://www.camara.cl/legislacion/sala_sesiones/votacion_detalle.aspx?prmIdVotacion=,23051,COMPETENCIAS GOBIERNOS REGIONALES,1
https://www.camara.cl/legislacion/sala_sesiones/votacion_detalle.aspx?prmIdVotacion=23049,https://www.camara.cl/legislacion/sala_sesiones/votacion_detalle.aspx?prmIdVotacion=,23049,COMPETENCIAS GOBIERNOS REGIONALES,1
https://www.camara.cl/legislacion/sala_sesiones/votacion_detalle.aspx?prmIdVotacion=42171,https://www.camara.cl/legislacion/sala_sesiones/votacion_detalle.aspx?prmIdVotacion=,42171,CONCESIONES MINERAS,1
https://www.camara.cl/legislacion/sala_sesiones/votacion_detalle.aspx?prmIdVotacion=43471,https://www.camara.cl/legislacion/sala_sesiones/votacion_detalle.aspx?prmIdVotacion=,43471,ZONAS RURALES,1
https://www.camara.cl/legislacion/sala_sesiones/votacion_detalle.aspx?prmIdVotacion=40977,https://www.camara.cl/legislacion/sala_sesiones/votacion_detalle.aspx?prmIdVotacion=,40977,FINANCIAMIENTO REGIONAL,1
https://www.camara.cl/legislacion/sala_sesiones/votacion_detalle.aspx?prmIdVotacion=40943,https://www.camara.cl/legislacion/sala_sesiones/votacion_detalle.aspx?prmIdVotacion=,40943,FINANCIAMIENTO REGIONAL,1
https://www.camara.cl/legislacion/sala_sesiones/votacion_detalle.aspx?prmIdVotacion=40884,https://www.camara.cl/legislacion/sala_sesiones/votacion_detalle.aspx?prmIdVotacion=,40884,FINANCIAMIENTO REGIONAL,1
https://www.camara.cl/legislacion/sala_sesiones/votacion_detalle.aspx?prmIdVotacion=40715,https://www.camara.cl/legislacion/sala_sesiones/votacion_detalle.aspx?prmIdVotacion=,40715,COMPETENCIAS GOBIERNOS REGIONALES,1
https://www.camara.cl/legislacion/sala_sesiones/votacion_detalle.aspx?prmIdVotacion=40196,https://www.camara.cl/legislacion/sala_sesiones/votacion_detalle.aspx?prmIdVotacion=,40196,FORESTAL,1
https://www.camara.cl/legislacion/sala_sesiones/votacion_detalle.aspx?prmIdVotacion=39305,https://www.camara.cl/legislacion/sala_sesiones/votacion_detalle.aspx?prmIdVotacion=,39305,COMPETENCIAS GOBIERNOS REGIONALES,1
https://www.camara.cl/legislacion/sala_sesiones/votacion_detalle.aspx?prmIdVotacion=38798,https://www.camara.cl/legislacion/sala_sesiones/votacion_detalle.aspx?prmIdVotacion=,38798,CONECTIVIDAD REGIONAL,1
https://www.camara.cl/legislacion/sala_sesiones/votacion_detalle.aspx?prmIdVotacion=38543,https://www.camara.cl/legislacion/sala_sesiones/votacion_detalle.aspx?prmIdVotacion=,38543,MACRO ZONA SUR,1
https://www.camara.cl/legislacion/sala_sesiones/votacion_detalle.aspx?prmIdVotacion=37325,https://www.camara.cl/legislacion/sala_sesiones/votacion_detalle.aspx?prmIdVotacion=,37325,DESPENALIZACION ABORTO,0
https://www.camara.cl/legislacion/sala_sesiones/votacion_detalle.aspx?prmIdVotacion=37324,https://www.camara.cl/legislacion/sala_sesiones/votacion_detalle.aspx?prmIdVotacion=,37324,DESPENALIZACION ABORTO,0
https://www.camara.cl/legislacion/sala_sesiones/votacion_detalle.aspx?prmIdVotacion=36985,https://www.camara.cl/legislacion/sala_sesiones/votacion_detalle.aspx?prmIdVotacion=,36985,DESPENALIZACION ABORTO,0
https://www.camara.cl/legislacion/sala_sesiones/votacion_detalle.aspx?prmIdVotacion=26091,https://www.camara.cl/legislacion/sala_sesiones/votacion_detalle.aspx?prmIdVotacion=,26091,DESPENALIZACION ABORTO,0
https://www.camara.cl/legislacion/sala_sesiones/votacion_detalle.aspx?prmIdVotacion=26068,https://www.camara.cl/legislacion/sala_sesiones/votacion_detalle.aspx?prmIdVotacion=,26068,DESPENALIZACION ABORTO,0
https://www.camara.cl/legislacion/sala_sesiones/votacion_detalle.aspx?prmIdVotacion=23119,https://www.camara.cl/legislacion/sala_sesiones/votacion_detalle.aspx?prmIdVotacion=,23119,DESPENALIZACION ABORTO,0
https://www.camara.cl/legislacion/sala_sesiones/votacion_detalle.aspx?prmIdVotacion=23117,https://www.camara.cl/legislacion/sala_sesiones/votacion_detalle.aspx?prmIdVotacion=,23117,DESPENALIZACION ABORTO,0
https://www.camara.cl/legislacion/sala_sesiones/votacion_detalle.aspx?prmIdVotacion=23105,https://www.camara.cl/legislacion/sala_sesiones/votacion_detalle.aspx?prmIdVotacion=,23105,DESPENALIZACION ABORTO,0
https://www.camara.cl/legislacion/sala_sesiones/votacion_detalle.aspx?prmIdVotacion=20551,https://www.camara.cl/legislacion/sala_sesiones/votacion_detalle.aspx?prmIdVotacion=,20551,PESCA,1
https://www.camara.cl/legislacion/sala_sesiones/votacion_detalle.aspx?prmIdVotacion=20550,https://www.camara.cl/legislacion/sala_sesiones/votacion_detalle.aspx?prmIdVotacion=,20550,PESCA,1
https://www.camara.cl/legislacion/sala_sesiones/votacion_detalle.aspx?prmIdVotacion=40463,https://www.camara.cl/legislacion/sala_sesiones/votacion_detalle.aspx?prmIdVotacion=,40463,CONECTIVIDAD REGIONAL,1
https://www.camara.cl/legislacion/sala_sesiones/votacion_detalle.aspx?prmIdVotacion=38542,https://www.camara.cl/legislacion/sala_sesiones/votacion_detalle.aspx?prmIdVotacion=,38542,MACRO ZONA SUR,1
https://www.camara.cl/legislacion/sala_sesiones/votacion_detalle.aspx?prmIdVotacion=36726,https://www.camara.cl/legislacion/sala_sesiones/votacion_detalle.aspx?prmIdVotacion=,36726,PROTECCION REGION,1
https://www.camara.cl/legislacion/sala_sesiones/votacion_detalle.aspx?prmIdVotacion=36592,https://www.camara.cl/legislacion/sala_sesiones/votacion_detalle.aspx?prmIdVotacion=,36592,PROTECCION REGION,1
https://www.camara.cl/legislacion/sala_sesiones/votacion_detalle.aspx?prmIdVotacion=31074,https://www.camara.cl/legislacion/sala_sesiones/votacion_detalle.aspx?prmIdVotacion=,31074,FORESTAL,1
https://www.camara.cl/legislacion/sala_sesiones/votacion_detalle.aspx?prmIdVotacion=30771,https://www.camara.cl/legislacion/sala_sesiones/votacion_detalle.aspx?prmIdVotacion=,30771,INDIGENA,1
https://www.camara.cl/legislacion/sala_sesiones/votacion_detalle.aspx?prmIdVotacion=30596,https://www.camara.cl/legislacion/sala_sesiones/votacion_detalle.aspx?prmIdVotacion=,30596,FORESTAL,1
https://www.camara.cl/legislacion/sala_sesiones/votacion_detalle.aspx?prmIdVotacion=30280,https://www.camara.cl/legislacion/sala_sesiones/votacion_detalle.aspx?prmIdVotacion=,30280,PROTECCION REGION,1
https://www.camara.cl/legislacion/sala_sesiones/votacion_detalle.aspx?prmIdVotacion=29463,https://www.camara.cl/legislacion/sala_sesiones/votacion_detalle.aspx?prmIdVotacion=,29463,CONECTIVIDAD REGIONAL,1
https://www.camara.cl/legislacion/sala_sesiones/votacion_detalle.aspx?prmIdVotacion=29405,https://www.camara.cl/legislacion/sala_sesiones/votacion_detalle.aspx?prmIdVotacion=,29405,FORESTAL,1
https://www.camara.cl/legislacion/sala_sesiones/votacion_detalle.aspx?prmIdVotacion=23551,https://www.camara.cl/legislacion/sala_sesiones/votacion_detalle.aspx?prmIdVotacion=,23551,REGIONALIZACION,1
https://www.camara.cl/legislacion/sala_sesiones/votacion_detalle.aspx?prmIdVotacion=23552,https://www.camara.cl/legislacion/sala_sesiones/votacion_detalle.aspx?prmIdVotacion=,23552,REGIONALIZACION,1
https://www.camara.cl/legislacion/sala_sesiones/votacion_detalle.aspx?prmIdVotacion=23553,https://www.camara.cl/legislacion/sala_sesiones/votacion_detalle.aspx?prmIdVotacion=,23553,REGIONALIZACION,1
https://www.camara.cl/legislacion/sala_sesiones/votacion_detalle.aspx?prmIdVotacion=23554,https://www.camara.cl/legislacion/sala_sesiones/votacion_detalle.aspx?prmIdVotacion=,23554,REGIONALIZACION,1
https://www.camara.cl/legislacion/sala_sesiones/votacion_detalle.aspx?prmIdVotacion=23555,https://www.camara.cl/legislacion/sala_sesiones/votacion_detalle.aspx?prmIdVotacion=,23555,REGIONALIZACION,1
https://www.camara.cl/legislacion/sala_sesiones/votacion_detalle.aspx?prmIdVotacion=23557,https://www.camara.cl/legislacion/sala_sesiones/votacion_detalle.aspx?prmIdVotacion=,23557,REGIONALIZACION,1
https://www.camara.cl/legislacion/sala_sesiones/votacion_detalle.aspx?prmIdVotacion=34219,https://www.camara.cl/legislacion/sala_sesiones/votacion_detalle.aspx?prmIdVotacion=,34219,COMPETENCIAS GOBIERNOS REGIONALES,1
https://www.camara.cl/legislacion/sala_sesiones/votacion_detalle.aspx?prmIdVotacion=33949,https://www.camara.cl/legislacion/sala_sesiones/votacion_detalle.aspx?prmIdVotacion=,33949,PROTECCION REGION,1
https://www.camara.cl/legislacion/sala_sesiones/votacion_detalle.aspx?prmIdVotacion=33604,https://www.camara.cl/legislacion/sala_sesiones/votacion_detalle.aspx?prmIdVotacion=,33604,INDIGENA,1
https://www.camara.cl/legislacion/sala_sesiones/votacion_detalle.aspx?prmIdVotacion=33112,https://www.camara.cl/legislacion/sala_sesiones/votacion_detalle.aspx?prmIdVotacion=,33112,PROTECCION REGION,1
https://www.camara.cl/legislacion/sala_sesiones/votacion_detalle.aspx?prmIdVotacion=24420,https://www.camara.cl/legislacion/sala_sesiones/votacion_detalle.aspx?prmIdVotacion=,24420,SUBDERE,1
https://www.camara.cl/legislacion/sala_sesiones/votacion_detalle.aspx?prmIdVotacion=24354,https://www.camara.cl/legislacion/sala_sesiones/votacion_detalle.aspx?prmIdVotacion=,24354,PROTECCION REGION,1
https://www.camara.cl/legislacion/sala_sesiones/votacion_detalle.aspx?prmIdVotacion=23543,https://www.camara.cl/legislacion/sala_sesiones/votacion_detalle.aspx?prmIdVotacion=,23543,REGIONALIZACION,1
https://www.camara.cl/legislacion/sala_sesiones/votacion_detalle.aspx?prmIdVotacion=23442,https://www.camara.cl/legislacion/sala_sesiones/votacion_detalle.aspx?prmIdVotacion=,23442,AGRICULTURA,1
https://www.camara.cl/legislacion/sala_sesiones/votacion_detalle.aspx?prmIdVotacion=23051,https://www.camara.cl/legislacion/sala_sesiones/votacion_detalle.aspx?prmIdVotacion=,23051,SUBDERE,1
https://www.camara.cl/legislacion/sala_sesiones/votacion_detalle.aspx?prmIdVotacion=23049,https://www.camara.cl/legislacion/sala_sesiones/votacion_detalle.aspx?prmIdVotacion=,23049,SUBDERE,1
https://www.camara.cl/legislacion/sala_sesiones/votacion_detalle.aspx?prmIdVotacion=21130,https://www.camara.cl/legislacion/sala_sesiones/votacion_detalle.aspx?prmIdVotacion=,21130,FINANCIAMIENTO REGIONAL,1
https://www.camara.cl/legislacion/sala_sesiones/votacion_detalle.aspx?prmIdVotacion=19362,https://www.camara.cl/legislacion/sala_sesiones/votacion_detalle.aspx?prmIdVotacion=,19362,FINANCIAMIENTO REGIONAL,1
https://www.camara.cl/legislacion/sala_sesiones/votacion_detalle.aspx?prmIdVotacion=19312,https://www.camara.cl/legislacion/sala_sesiones/votacion_detalle.aspx?prmIdVotacion=,19312,DESCENTRALIZACION,1
https://www.camara.cl/legislacion/sala_sesiones/votacion_detalle.aspx?prmIdVotacion=36972,https://www.camara.cl/legislacion/sala_sesiones/votacion_detalle.aspx?prmIdVotacion=,36972,DESCENTRALIZACION,1
https://www.camara.cl/legislacion/sala_sesiones/votacion_detalle.aspx?prmIdVotacion=36674,https://www.camara.cl/legislacion/sala_sesiones/votacion_detalle.aspx?prmIdVotacion=,36674,DESCENTRALIZACION,1
https://www.camara.cl/legislacion/sala_sesiones/votacion_detalle.aspx?prmIdVotacion=36666,https://www.camara.cl/legislacion/sala_sesiones/votacion_detalle.aspx?prmIdVotacion=,36666,DESCENTRALIZACION,1
https://www.camara.cl/legislacion/sala_sesiones/votacion_detalle.aspx?prmIdVotacion=24507,https://www.camara.cl/legislacion/sala_sesiones/votacion_detalle.aspx?prmIdVotacion=,24507,IMPUESTO TERRITORIAL,1
https://www.camara.cl/legislacion/sala_sesiones/votacion_detalle.aspx?prmIdVotacion=24506,https://www.camara.cl/legislacion/sala_sesiones/votacion_detalle.aspx?prmIdVotacion=,24506,IMPUESTO TERRITORIAL,1
https://www.camara.cl/legislacion/sala_sesiones/votacion_detalle.aspx?prmIdVotacion=35174,https://www.camara.cl/legislacion/sala_sesiones/votacion_detalle.aspx?prmIdVotacion=,35174,AGRICULTURA,1
https://www.camara.cl/legislacion/sala_sesiones/votacion_detalle.aspx?prmIdVotacion=37069,https://www.camara.cl/legislacion/sala_sesiones/votacion_detalle.aspx?prmIdVotacion=,37069,AGRICULTURA,1
https://www.camara.cl/legislacion/sala_sesiones/votacion_detalle.aspx?prmIdVotacion=42173,https://www.camara.cl/legislacion/sala_sesiones/votacion_detalle.aspx?prmIdVotacion=,42173,PATENTES MINERAS,1
https://www.camara.cl/legislacion/sala_sesiones/votacion_detalle.aspx?prmIdVotacion=42171,https://www.camara.cl/legislacion/sala_sesiones/votacion_detalle.aspx?prmIdVotacion=,42171,PATENTES MINERAS,1
https://www.camara.cl/legislacion/sala_sesiones/votacion_detalle.aspx?prmIdVotacion=34925,https://www.camara.cl/legislacion/sala_sesiones/votacion_detalle.aspx?prmIdVotacion=,34925,PESCA,1
https://www.camara.cl/legislacion/sala_sesiones/votacion_detalle.aspx?prmIdVotacion=20933,https://www.camara.cl/legislacion/sala_sesiones/votacion_detalle.aspx?prmIdVotacion=,20933,DESCENTRALIZACION,1
https://www.camara.cl/legislacion/sala_sesiones/votacion_detalle.aspx?prmIdVotacion=35265,https://www.camara.cl/legislacion/sala_sesiones/votacion_detalle.aspx?prmIdVotacion=,35265,INDIGENAS,1
https://www.camara.cl/legislacion/sala_sesiones/votacion_detalle.aspx?prmIdVotacion=43471,https://www.camara.cl/legislacion/sala_sesiones/votacion_detalle.aspx?prmIdVotacion=,43471,ZONAS RURALES,1
https://www.camara.cl/legislacion/sala_sesiones/votacion_detalle.aspx?prmIdVotacion=33306,https://www.camara.cl/legislacion/sala_sesiones/votacion_detalle.aspx?prmIdVotacion=,33306,ZONAS RURALES,1
https://www.camara.cl/legislacion/sala_sesiones/votacion_detalle.aspx?prmIdVotacion=29221,https://www.camara.cl/legislacion/sala_sesiones/votacion_detalle.aspx?prmIdVotacion=,29221,ZONAS URBANAS,1
https://www.camara.cl/legislacion/sala_sesiones/votacion_detalle.aspx?prmIdVotacion=30032,https://www.camara.cl/legislacion/sala_sesiones/votacion_detalle.aspx?prmIdVotacion=,30032,LEY DE PRESUPUESTOS,1
https://www.camara.cl/legislacion/sala_sesiones/votacion_detalle.aspx?prmIdVotacion=30033,https://www.camara.cl/legislacion/sala_sesiones/votacion_detalle.aspx?prmIdVotacion=,30033,LEY DE PRESUPUESTOS,1
https://www.camara.cl/legislacion/sala_sesiones/votacion_detalle.aspx?prmIdVotacion=30031,https://www.camara.cl/legislacion/sala_sesiones/votacion_detalle.aspx?prmIdVotacion=,30031,LEY DE PRESUPUESTOS,1
https://www.camara.cl/legislacion/sala_sesiones/votacion_detalle.aspx?prmIdVotacion=30030,https://www.camara.cl/legislacion/sala_sesiones/votacion_detalle.aspx?prmIdVotacion=,30030,LEY DE PRESUPUESTOS,1
https://www.camara.cl/legislacion/sala_sesiones/votacion_detalle.aspx?prmIdVotacion=30029,https://www.camara.cl/legislacion/sala_sesiones/votacion_detalle.aspx?prmIdVotacion=,30029,LEY DE PRESUPUESTOS,1
https://www.camara.cl/legislacion/sala_sesiones/votacion_detalle.aspx?prmIdVotacion=30028,https://www.camara.cl/legislacion/sala_sesiones/votacion_detalle.aspx?prmIdVotacion=,30028,LEY DE PRESUPUESTOS,1
https://www.camara.cl/legislacion/sala_sesiones/votacion_detalle.aspx?prmIdVotacion=30026,https://www.camara.cl/legislacion/sala_sesiones/votacion_detalle.aspx?prmIdVotacion=,30026,LEY DE PRESUPUESTOS,1
https://www.camara.cl/legislacion/sala_sesiones/votacion_detalle.aspx?prmIdVotacion=30025,https://www.camara.cl/legislacion/sala_sesiones/votacion_detalle.aspx?prmIdVotacion=,30025,LEY DE PRESUPUESTOS,1
https://www.camara.cl/legislacion/sala_sesiones/votacion_detalle.aspx?prmIdVotacion=30022,https://www.camara.cl/legislacion/sala_sesiones/votacion_detalle.aspx?prmIdVotacion=,30022,LEY DE PRESUPUESTOS,1
https://www.camara.cl/legislacion/sala_sesiones/votacion_detalle.aspx?prmIdVotacion=29923,https://www.camara.cl/legislacion/sala_sesiones/votacion_detalle.aspx?prmIdVotacion=,29923,LEY DE PRESUPUESTOS,1
https://www.camara.cl/legislacion/sala_sesiones/votacion_detalle.aspx?prmIdVotacion=29922,https://www.camara.cl/legislacion/sala_sesiones/votacion_detalle.aspx?prmIdVotacion=,29922,LEY DE PRESUPUESTOS,1
https://www.camara.cl/legislacion/sala_sesiones/votacion_detalle.aspx?prmIdVotacion=29917,https://www.camara.cl/legislacion/sala_sesiones/votacion_detalle.aspx?prmIdVotacion=,29917,LEY DE PRESUPUESTOS,1
https://www.camara.cl/legislacion/sala_sesiones/votacion_detalle.aspx?prmIdVotacion=29916,https://www.camara.cl/legislacion/sala_sesiones/votacion_detalle.aspx?prmIdVotacion=,29916,LEY DE PRESUPUESTOS,1
https://www.camara.cl/legislacion/sala_sesiones/votacion_detalle.aspx?prmIdVotacion=29915,https://www.camara.cl/legislacion/sala_sesiones/votacion_detalle.aspx?prmIdVotacion=,29915,LEY DE PRESUPUESTOS,1
https://www.camara.cl/legislacion/sala_sesiones/votacion_detalle.aspx?prmIdVotacion=29914,https://www.camara.cl/legislacion/sala_sesiones/votacion_detalle.aspx?prmIdVotacion=,29914,LEY DE PRESUPUESTOS,1
https://www.camara.cl/legislacion/sala_sesiones/votacion_detalle.aspx?prmIdVotacion=29908,https://www.camara.cl/legislacion/sala_sesiones/votacion_detalle.aspx?prmIdVotacion=,29908,LEY DE PRESUPUESTOS,1
https://www.camara.cl/legislacion/sala_sesiones/votacion_detalle.aspx?prmIdVotacion=26618,https://www.camara.cl/legislacion/sala_sesiones/votacion_detalle.aspx?prmIdVotacion=,26618,LEY DE PRESUPUESTOS,1
https://www.camara.cl/legislacion/sala_sesiones/votacion_detalle.aspx?prmIdVotacion=26617,https://www.camara.cl/legislacion/sala_sesiones/votacion_detalle.aspx?prmIdVotacion=,26617,LEY DE PRESUPUESTOS,1
https://www.camara.cl/legislacion/sala_sesiones/votacion_detalle.aspx?prmIdVotacion=26616,https://www.camara.cl/legislacion/sala_sesiones/votacion_detalle.aspx?prmIdVotacion=,26616,LEY DE PRESUPUESTOS,1
https://www.camara.cl/legislacion/sala_sesiones/votacion_detalle.aspx?prmIdVotacion=26615,https://www.camara.cl/legislacion/sala_sesiones/votacion_detalle.aspx?prmIdVotacion=,26615,LEY DE PRESUPUESTOS,1
https://www.camara.cl/legislacion/sala_sesiones/votacion_detalle.aspx?prmIdVotacion=26614,https://www.camara.cl/legislacion/sala_sesiones/votacion_detalle.aspx?prmIdVotacion=,26614,LEY DE PRESUPUESTOS,1
https://www.camara.cl/legislacion/sala_sesiones/votacion_detalle.aspx?prmIdVotacion=26613,https://www.camara.cl/legislacion/sala_sesiones/votacion_detalle.aspx?prmIdVotacion=,26613,LEY DE PRESUPUESTOS,1
https://www.camara.cl/legislacion/sala_sesiones/votacion_detalle.aspx?prmIdVotacion=26612,https://www.camara.cl/legislacion/sala_sesiones/votacion_detalle.aspx?prmIdVotacion=,26612,LEY DE PRESUPUESTOS,1
https://www.camara.cl/legislacion/sala_sesiones/votacion_detalle.aspx?prmIdVotacion=26611,https://www.camara.cl/legislacion/sala_sesiones/votacion_detalle.aspx?prmIdVotacion=,26611,LEY DE PRESUPUESTOS,1
https://www.camara.cl/legislacion/sala_sesiones/votacion_detalle.aspx?prmIdVotacion=26610,https://www.camara.cl/legislacion/sala_sesiones/votacion_detalle.aspx?prmIdVotacion=,26610,LEY DE PRESUPUESTOS,1
https://www.camara.cl/legislacion/sala_sesiones/votacion_detalle.aspx?prmIdVotacion=26609,https://www.camara.cl/legislacion/sala_sesiones/votacion_detalle.aspx?prmIdVotacion=,26609,LEY DE PRESUPUESTOS,1
https://www.camara.cl/legislacion/sala_sesiones/votacion_detalle.aspx?prmIdVotacion=26608,https://www.camara.cl/legislacion/sala_sesiones/votacion_detalle.aspx?prmIdVotacion=,26608,LEY DE PRESUPUESTOS,1
https://www.camara.cl/legislacion/sala_sesiones/votacion_detalle.aspx?prmIdVotacion=26520,https://www.camara.cl/legislacion/sala_sesiones/votacion_detalle.aspx?prmIdVotacion=,26520,LEY DE PRESUPUESTOS,1
https://www.camara.cl/legislacion/sala_sesiones/votacion_detalle.aspx?prmIdVotacion=26517,https://www.camara.cl/legislacion/sala_sesiones/votacion_detalle.aspx?prmIdVotacion=,26517,LEY DE PRESUPUESTOS,1
https://www.camara.cl/legislacion/sala_sesiones/votacion_detalle.aspx?prmIdVotacion=26513,https://www.camara.cl/legislacion/sala_sesiones/votacion_detalle.aspx?prmIdVotacion=,26513,LEY DE PRESUPUESTOS,1
https://www.camara.cl/legislacion/sala_sesiones/votacion_detalle.aspx?prmIdVotacion=32101,https://www.camara.cl/legislacion/sala_sesiones/votacion_detalle.aspx?prmIdVotacion=,32101,LEY DE PRESUPUESTOS,1
https://www.camara.cl/legislacion/sala_sesiones/votacion_detalle.aspx?prmIdVotacion=32074,https://www.camara.cl/legislacion/sala_sesiones/votacion_detalle.aspx?prmIdVotacion=,32074,LEY DE PRESUPUESTOS,1
https://www.camara.cl/legislacion/sala_sesiones/votacion_detalle.aspx?prmIdVotacion=32013,https://www.camara.cl/legislacion/sala_sesiones/votacion_detalle.aspx?prmIdVotacion=,32013,LEY DE PRESUPUESTOS,1
https://www.camara.cl/legislacion/sala_sesiones/votacion_detalle.aspx?prmIdVotacion=32012,https://www.camara.cl/legislacion/sala_sesiones/votacion_detalle.aspx?prmIdVotacion=,32012,LEY DE PRESUPUESTOS,1
https://www.camara.cl/legislacion/sala_sesiones/votacion_detalle.aspx?prmIdVotacion=31980,https://www.camara.cl/legislacion/sala_sesiones/votacion_detalle.aspx?prmIdVotacion=,31980,LEY DE PRESUPUESTOS,1
https://www.camara.cl/legislacion/sala_sesiones/votacion_detalle.aspx?prmIdVotacion=31979,https://www.camara.cl/legislacion/sala_sesiones/votacion_detalle.aspx?prmIdVotacion=,31979,LEY DE PRESUPUESTOS,1
https://www.camara.cl/legislacion/sala_sesiones/votacion_detalle.aspx?prmIdVotacion=31973,https://www.camara.cl/legislacion/sala_sesiones/votacion_detalle.aspx?prmIdVotacion=,31973,LEY DE PRESUPUESTOS,1
https://www.camara.cl/legislacion/sala_sesiones/votacion_detalle.aspx?prmIdVotacion=31963,https://www.camara.cl/legislacion/sala_sesiones/votacion_detalle.aspx?prmIdVotacion=,31963,LEY DE PRESUPUESTOS,1
https://www.camara.cl/legislacion/sala_sesiones/votacion_detalle.aspx?prmIdVotacion=31907,https://www.camara.cl/legislacion/sala_sesiones/votacion_detalle.aspx?prmIdVotacion=,31907,LEY DE PRESUPUESTOS,1
https://www.camara.cl/legislacion/sala_sesiones/votacion_detalle.aspx?prmIdVotacion=31905,https://www.camara.cl/legislacion/sala_sesiones/votacion_detalle.aspx?prmIdVotacion=,31905,LEY DE PRESUPUESTOS,1
https://www.camara.cl/legislacion/sala_sesiones/votacion_detalle.aspx?prmIdVotacion=23049,https://www.camara.cl/legislacion/sala_sesiones/votacion_detalle.aspx?prmIdVotacion=,23049,SUBDERE,1
https://www.camara.cl/legislacion/sala_sesiones/votacion_detalle.aspx?prmIdVotacion=39758,https://www.camara.cl/legislacion/sala_sesiones/votacion_detalle.aspx?prmIdVotacion=,39758,PESCA,1
https://www.camara.cl/legislacion/sala_sesiones/votacion_detalle.aspx?prmIdVotacion=39963,https://www.camara.cl/legislacion/sala_sesiones/votacion_detalle.aspx?prmIdVotacion=,39963,PESCA,1
https://www.camara.cl/legislacion/sala_sesiones/votacion_detalle.aspx?prmIdVotacion=37442,https://www.camara.cl/legislacion/sala_sesiones/votacion_detalle.aspx?prmIdVotacion=,37442,PESCA,1
https://www.camara.cl/legislacion/sala_sesiones/votacion_detalle.aspx?prmIdVotacion=34952,https://www.camara.cl/legislacion/sala_sesiones/votacion_detalle.aspx?prmIdVotacion=,34952,LEY DE PRESUPUESTOS,1
https://www.camara.cl/legislacion/sala_sesiones/votacion_detalle.aspx?prmIdVotacion=34887,https://www.camara.cl/legislacion/sala_sesiones/votacion_detalle.aspx?prmIdVotacion=,34887,LEY DE PRESUPUESTOS,1
https://www.camara.cl/legislacion/sala_sesiones/votacion_detalle.aspx?prmIdVotacion=34898,https://www.camara.cl/legislacion/sala_sesiones/votacion_detalle.aspx?prmIdVotacion=,34898,LEY DE PRESUPUESTOS,1
https://www.camara.cl/legislacion/sala_sesiones/votacion_detalle.aspx?prmIdVotacion=34896,https://www.camara.cl/legislacion/sala_sesiones/votacion_detalle.aspx?prmIdVotacion=,34896,LEY DE PRESUPUESTOS,1
https://www.camara.cl/legislacion/sala_sesiones/votacion_detalle.aspx?prmIdVotacion=34895,https://www.camara.cl/legislacion/sala_sesiones/votacion_detalle.aspx?prmIdVotacion=,34895,LEY DE PRESUPUESTOS,1
https://www.camara.cl/legislacion/sala_sesiones/votacion_detalle.aspx?prmIdVotacion=34893,https://www.camara.cl/legislacion/sala_sesiones/votacion_detalle.aspx?prmIdVotacion=,34893,LEY DE PRESUPUESTOS,1
https://www.camara.cl/legislacion/sala_sesiones/votacion_detalle.aspx?prmIdVotacion=34891,https://www.camara.cl/legislacion/sala_sesiones/votacion_detalle.aspx?prmIdVotacion=,34891,LEY DE PRESUPUESTOS,1
https://www.camara.cl/legislacion/sala_sesiones/votacion_detalle.aspx?prmIdVotacion=37239,https://www.camara.cl/legislacion/sala_sesiones/votacion_detalle.aspx?prmIdVotacion=,37239,LEY DE PRESUPUESTOS,1
https://www.camara.cl/legislacion/sala_sesiones/votacion_detalle.aspx?prmIdVotacion=19753,https://www.camara.cl/legislacion/sala_sesiones/votacion_detalle.aspx?prmIdVotacion=,19753,SISTEMA BINOMINAL,1
https://www.camara.cl/legislacion/sala_sesiones/votacion_detalle.aspx?prmIdVotacion=20559,https://www.camara.cl/legislacion/sala_sesiones/votacion_detalle.aspx?prmIdVotacion=,20559,SISTEMA BINOMINAL,1
https://www.camara.cl/legislacion/sala_sesiones/votacion_detalle.aspx?prmIdVotacion=20558,https://www.camara.cl/legislacion/sala_sesiones/votacion_detalle.aspx?prmIdVotacion=,20558,SISTEMA BINOMINAL,1
https://www.camara.cl/legislacion/sala_sesiones/votacion_detalle.aspx?prmIdVotacion=19769,https://www.camara.cl/legislacion/sala_sesiones/votacion_detalle.aspx?prmIdVotacion=,19769,SISTEMA BINOMINAL,1
https://www.camara.cl/legislacion/sala_sesiones/votacion_detalle.aspx?prmIdVotacion=19768,https://www.camara.cl/legislacion/sala_sesiones/votacion_detalle.aspx?prmIdVotacion=,19768,SISTEMA BINOMINAL,1
https://www.camara.cl/legislacion/sala_sesiones/votacion_detalle.aspx?prmIdVotacion=19767,https://www.camara.cl/legislacion/sala_sesiones/votacion_detalle.aspx?prmIdVotacion=,19767,SISTEMA BINOMINAL,1
https://www.camara.cl/legislacion/sala_sesiones/votacion_detalle.aspx?prmIdVotacion=19766,https://www.camara.cl/legislacion/sala_sesiones/votacion_detalle.aspx?prmIdVotacion=,19766,SISTEMA BINOMINAL,1